Filename,Segments
PD_PERRO_0016.wav,8
HC_O2_0143.wav,20
PD_CARMEN_0078.wav,7
HC_PERRO_0081.wav,7
HC_PATATA_BLANDA_0052.wav,9
HC_A2_0065.wav,12
HC_ABLANDADA_0137.wav,13
PD_E1_0043.wav,16
PD_SOMBRA_0020.wav,12
PD_CALLE_0047.wav,14
HC_A3_0129.wav,20
PD_PAN_VINO_0006.wav,8
PD_E2_0024.wav,18
HC_O2_0121.wav,27
HC_PATAKA_0073.wav,51
HC_BARBAS_0054.wav,22
HC_CALLE_0065.wav,14
HC_PERRO_0082.wav,7
HC_O2_0071.wav,24
HC_TOMAS_0136.wav,10
PD_PERRO_0010.wav,7
HC_CARMEN_0053.wav,6
PD_ACAMPADA_0006.wav,7
HC_CALLE_0081.wav,14
PD_PETACA_BLANCA_0018.wav,13
PD_SOMBRA_0021.wav,20
PD_DIABLO_0004.wav,14
PD_BARBAS_0038.wav,30
PD_BARBAS_0021.wav,26
HC_GANGA_0137.wav,9
HC_U1_0105.wav,18
PD_BURRO_0016.wav,10
HC_SOMBRA_0073.wav,37
HC_PAN_VINO_0053.wav,8
HC_E2_0081.wav,19
HC_MANGA_0130.wav,7
HC_PETACA_BLANCA_0062.wav,11
PD_E3_0027.wav,19
PD_O2_0013.wav,17
PD_TOMAS_0018.wav,7
HC_BURRO_0131.wav,11
PD_CALLE_0038.wav,29
PD_ABLANDADA_0109.wav,13
HC_CALLE_0072.wav,16
HC_U2_0144.wav,9
PD_O2_0046.wav,20
HC_BURRO_0087.wav,9
PD_BARBAS_0113.wav,22
PD_DIABLO_0033.wav,10
HC_BARBAS_0138.wav,21
HC_E1_0132.wav,3
HC_PIDIO_0076.wav,13
HC_BURRO_0062.wav,10
HC_CARMEN_0138.wav,6
PD_CALLE_0018.wav,18
PD_PATAKA_0007.wav,44
PD_SOMBRA_0026.wav,46
PD_O1_0028.wav,19
HC_ESPONTANEA_0062.wav,173
PD_MANGA_0031.wav,7
PD_PERRO_0014.wav,7
HC_CARMEN_0083.wav,0
HC_PATAKA_0133.wav,82
PD_TOMAS_0022.wav,4
PD_GANGA_0042.wav,9
PD_I1_0047.wav,19
PD_I2_0066.wav,24
PD_I3_0023.wav,18
HC_DIABLO_0048.wav,10
HC_A1_0064.wav,16
HC_PETACA_BLANCA_0045.wav,10
HC_GANGA_0055.wav,7
PD_ACAMPADA_0017.wav,7
HC_CALLE_0052.wav,14
PD_PERRO_0039.wav,6
PD_I2_0041.wav,22
HC_MANGA_0081.wav,8
PD_I2_0014.wav,22
HC_MANGA_0061.wav,6
HC_I2_0122.wav,31
PD_CARMEN_0117.wav,8
PD_TOMAS_0043.wav,6
PD_ACAMPADA_0032.wav,6
PD_U1_0067.wav,17
HC_I1_0134.wav,17
PD_E1_0078.wav,20
HC_PERRO_0142.wav,9
PD_PATATA_BLANDA_0040.wav,9
PD_BURRO_0013.wav,8
PD_PERRO_0043.wav,8
PD_I1_0038.wav,24
HC_PIDIO_0130.wav,12
HC_DIABLO_0144.wav,16
HC_PAN_VINO_0065.wav,7
HC_U1_0128.wav,44
PD_BURRO_0025.wav,10
PD_PATATA_BLANDA_0035.wav,8
PD_BARBAS_0031.wav,18
HC_O1_0142.wav,30
PD_I2_0004.wav,12
PD_E1_0033.wav,17
PD_ACAMPADA_0027.wav,6
PD_E2_0111.wav,24
HC_CALLE_0087.wav,17
PD_GANGA_0079.wav,7
PD_CALLE_0021.wav,20
PD_BARBAS_0011.wav,17
HC_PAN_VINO_0144.wav,11
HC_TOMAS_0073.wav,7
PD_I2_0115.wav,13
HC_BURRO_0140.wav,14
HC_PETACA_BLANCA_0131.wav,13
PD_ESPONTANEA_0044.wav,86
HC_I1_0112.wav,28
PD_GANGA_0030.wav,6
HC_BURRO_0071.wav,11
PD_PIDIO_0027.wav,11
HC_E2_0062.wav,21
HC_GANGA_0061.wav,8
HC_I2_0034.wav,26
PD_PATAKA_0025.wav,26
HC_I1_0056.wav,22
HC_SOMBRA_0136.wav,15
PD_PERRO_0115.wav,8
PD_E2_0117.wav,12
HC_DIABLO_0142.wav,16
HC_GANGA_0071.wav,11
PD_PIDIO_0039.wav,11
HC_CALLE_0071.wav,13
PD_SOMBRA_0079.wav,11
HC_SOMBRA_0112.wav,18
HC_O2_0134.wav,10
HC_PERRO_0144.wav,8
PD_GANGA_0027.wav,7
PD_A2_0067.wav,14
PD_A2_0031.wav,16
PD_O2_0035.wav,29
HC_I2_0134.wav,11
HC_A2_0056.wav,1
PD_A2_0046.wav,15
PD_SOMBRA_0041.wav,29
HC_E2_0130.wav,7
HC_A2_0143.wav,25
PD_E2_0038.wav,20
PD_PAN_VINO_0115.wav,8
PD_PETACA_BLANCA_0035.wav,6
PD_PATAKA_0027.wav,108
PD_E1_0039.wav,21
PD_MANGA_0041.wav,11
HC_O1_0052.wav,26
HC_E1_0143.wav,22
PD_I2_0012.wav,21
HC_U1_0036.wav,31
PD_U3_0109.wav,17
PD_DIABLO_0018.wav,17
PD_O2_0077.wav,18
HC_CALLE_0142.wav,15
PD_I1_0079.wav,18
HC_MANGA_0135.wav,6
PD_SOMBRA_0037.wav,18
PD_O3_0028.wav,17
HC_SOMBRA_0060.wav,16
PD_PIDIO_0047.wav,14
HC_SOMBRA_0080.wav,14
PD_E3_0025.wav,17
HC_GANGA_0052.wav,6
PD_DIABLO_0020.wav,12
HC_U1_0061.wav,22
HC_PATATA_BLANDA_0136.wav,11
HC_E2_0135.wav,11
HC_CALLE_0120.wav,11
PD_I2_0047.wav,18
HC_CARMEN_0051.wav,7
PD_PAN_VINO_0008.wav,8
PD_SOMBRA_0039.wav,12
PD_BARBAS_0029.wav,21
PD_BARBAS_0015.wav,26
PD_CALLE_0008.wav,14
HC_CARMEN_0080.wav,6
HC_TOMAS_0105.wav,5
PD_PATAKA_0014.wav,30
PD_DIABLO_0021.wav,18
HC_PATATA_BLANDA_0140.wav,15
PD_E3_0030.wav,17
PD_A3_0028.wav,13
PD_E3_0024.wav,18
HC_E1_0144.wav,21
PD_DIABLO_0058.wav,18
PD_E2_0047.wav,18
PD_PERRO_0070.wav,8
HC_ABLANDADA_0061.wav,12
PD_I2_0009.wav,17
HC_O1_0060.wav,19
PD_CALLE_0030.wav,9
PD_A3_0009.wav,13
PD_PERRO_0046.wav,7
HC_PAN_VINO_0052.wav,10
HC_E2_0049.wav,22
HC_ACAMPADA_0083.wav,11
HC_E2_0141.wav,7
HC_I1_0087.wav,17
PD_PAN_VINO_0004.wav,7
PD_BURRO_0014.wav,10
HC_ESPONTANEA_0116.wav,106
HC_I1_0073.wav,20
HC_CARMEN_0144.wav,7
HC_ACAMPADA_0135.wav,10
PD_PAN_VINO_0018.wav,9
HC_ACAMPADA_0116.wav,9
PD_PIDIO_0006.wav,14
HC_PETACA_BLANCA_0055.wav,8
PD_SOMBRA_0044.wav,16
PD_PIDIO_0117.wav,10
PD_A2_0044.wav,17
HC_SOMBRA_0054.wav,18
PD_A1_0032.wav,16
HC_O3_0034.wav,26
HC_A2_0116.wav,18
HC_A1_0145.wav,15
PD_PIDIO_0008.wav,14
HC_A2_0061.wav,19
PD_ACAMPADA_0026.wav,9
PD_DIABLO_0014.wav,12
PD_BARBAS_0010.wav,23
HC_CARMEN_0045.wav,6
HC_GANGA_0139.wav,9
HC_I1_0141.wav,15
HC_SOMBRA_0072.wav,19
PD_A2_0017.wav,17
PD_DIABLO_0008.wav,18
HC_PETACA_BLANCA_0082.wav,12
PD_ACAMPADA_0039.wav,7
PD_CALLE_0043.wav,10
HC_PERRO_0138.wav,9
PD_ESPONTANEA_0115.wav,169
HC_ABLANDADA_0083.wav,6
HC_CALLE_0064.wav,13
PD_I3_0028.wav,17
HC_GANGA_0034.wav,7
PD_PERRO_0026.wav,9
HC_MANGA_0076.wav,7
HC_PAN_VINO_0060.wav,10
PD_U1_0037.wav,21
HC_PETACA_BLANCA_0120.wav,14
PD_I1_0030.wav,17
PD_PATAKA_0016.wav,87
HC_ESPONTANEA_0121.wav,207
PD_PETACA_BLANCA_0007.wav,11
PD_CALLE_0023.wav,11
PD_PATAKA_0028.wav,64
PD_MANGA_0109.wav,10
PD_PETACA_BLANCA_0077.wav,11
PD_A1_0004.wav,8
PD_I2_0006.wav,20
PD_PERRO_0028.wav,7
HC_PIDIO_0116.wav,15
PD_PIDIO_0066.wav,14
HC_A2_0081.wav,15
PD_BURRO_0009.wav,9
PD_CALLE_0111.wav,16
PD_E1_0025.wav,18
PD_BURRO_0058.wav,13
HC_BARBAS_0141.wav,17
PD_I2_0030.wav,18
HC_CALLE_0131.wav,11
HC_ABLANDADA_0071.wav,16
PD_E1_0010.wav,17
HC_PAN_VINO_0129.wav,10
HC_SOMBRA_0141.wav,13
PD_PATATA_BLANDA_0011.wav,6
HC_U1_0137.wav,36
HC_TOMAS_0049.wav,8
HC_A2_0062.wav,19
PD_O3_0019.wav,18
HC_MANGA_0065.wav,7
HC_DIABLO_0137.wav,18
HC_MANGA_0129.wav,10
PD_BARBAS_0012.wav,19
HC_BURRO_0116.wav,12
HC_CALLE_0061.wav,12
HC_PETACA_BLANCA_0132.wav,11
PD_ACAMPADA_0043.wav,8
PD_PAN_VINO_0032.wav,8
PD_SOMBRA_0011.wav,15
PD_DIABLO_0042.wav,18
PD_PATAKA_0077.wav,54
PD_O2_0044.wav,20
HC_E2_0136.wav,32
HC_TOMAS_0051.wav,7
PD_I1_0020.wav,17
HC_CALLE_0145.wav,17
PD_U1_0013.wav,15
PD_PATATA_BLANDA_0117.wav,11
PD_CALLE_0031.wav,13
HC_BARBAS_0083.wav,15
PD_ESPONTANEA_0023.wav,58
HC_TOMAS_0138.wav,5
PD_E1_0024.wav,18
HC_I2_0051.wav,27
HC_SOMBRA_0105.wav,14
HC_DIABLO_0053.wav,19
PD_CALLE_0027.wav,11
HC_CALLE_0074.wav,15
PD_CARMEN_0026.wav,5
HC_O2_0120.wav,22
PD_I2_0025.wav,17
PD_E1_0004.wav,11
HC_DIABLO_0060.wav,17
HC_CARMEN_0105.wav,7
HC_U1_0086.wav,18
PD_PERRO_0066.wav,8
HC_I1_0064.wav,18
HC_BARBAS_0128.wav,23
HC_PAN_VINO_0071.wav,9
PD_PIDIO_0021.wav,17
HC_TOMAS_0140.wav,6
HC_E2_0055.wav,21
PD_SOMBRA_0035.wav,11
HC_BURRO_0054.wav,11
PD_CARMEN_0013.wav,8
HC_O2_0054.wav,22
PD_O1_0040.wav,21
HC_A2_0138.wav,7
PD_PATAKA_0115.wav,28
HC_I2_0082.wav,18
PD_CALLE_0029.wav,17
PD_O2_0115.wav,13
HC_ACAMPADA_0144.wav,19
PD_CARMEN_0020.wav,4
HC_O2_0062.wav,19
PD_PAN_VINO_0011.wav,5
PD_PAN_VINO_0007.wav,9
PD_A2_0015.wav,24
PD_PERRO_0067.wav,7
PD_PERRO_0021.wav,6
PD_TOMAS_0079.wav,8
PD_PAN_VINO_0028.wav,7
HC_ABLANDADA_0065.wav,14
HC_A2_0048.wav,19
PD_A1_0079.wav,14
PD_A2_0024.wav,18
HC_CALLE_0082.wav,13
HC_GANGA_0076.wav,9
PD_CARMEN_0027.wav,5
HC_O1_0071.wav,20
PD_DIABLO_0019.wav,15
PD_A1_0033.wav,16
PD_MANGA_0006.wav,5
PD_U1_0019.wav,17
HC_BARBAS_0052.wav,18
PD_U1_0026.wav,17
HC_SOMBRA_0055.wav,12
PD_GANGA_0011.wav,4
HC_PETACA_BLANCA_0036.wav,10
PD_O1_0037.wav,25
PD_ACAMPADA_0058.wav,9
PD_PAN_VINO_0010.wav,7
PD_A1_0007.wav,16
PD_ABLANDADA_0009.wav,11
PD_ABLANDADA_0037.wav,9
HC_PATATA_BLANDA_0087.wav,10
PD_DIABLO_0009.wav,14
PD_O2_0004.wav,14
HC_O1_0063.wav,23
PD_E2_0012.wav,20
HC_A2_0144.wav,12
HC_E1_0137.wav,36
PD_PIDIO_0022.wav,18
HC_E1_0136.wav,37
HC_PATATA_BLANDA_0053.wav,11
PD_BURRO_0026.wav,9
PD_O3_0024.wav,18
HC_SOMBRA_0061.wav,18
PD_U2_0117.wav,12
PD_SOMBRA_0031.wav,18
HC_I1_0065.wav,18
PD_ABLANDADA_0023.wav,22
PD_GANGA_0012.wav,9
HC_GANGA_0121.wav,10
HC_TOMAS_0086.wav,6
PD_MANGA_0070.wav,6
PD_A2_0079.wav,14
HC_MANGA_0045.wav,8
PD_ACAMPADA_0042.wav,10
PD_ABLANDADA_0014.wav,10
HC_CARMEN_0064.wav,7
HC_PATATA_BLANDA_0045.wav,11
HC_MANGA_0051.wav,7
PD_PATATA_BLANDA_0021.wav,9
HC_A2_0055.wav,19
HC_U1_0072.wav,17
HC_O2_0082.wav,17
PD_E1_0115.wav,15
HC_TOMAS_0131.wav,7
PD_E1_0066.wav,25
PD_BURRO_0011.wav,7
HC_CALLE_0140.wav,13
HC_PIDIO_0081.wav,12
PD_I3_0032.wav,18
PD_PETACA_BLANCA_0020.wav,5
HC_A1_0034.wav,21
HC_O2_0116.wav,20
HC_A2_0083.wav,16
HC_U2_0135.wav,14
HC_TOMAS_0132.wav,8
PD_DIABLO_0028.wav,11
PD_SOMBRA_0109.wav,19
PD_PETACA_BLANCA_0066.wav,14
HC_O1_0128.wav,35
HC_E2_0105.wav,17
HC_U1_0140.wav,21
PD_DIABLO_0030.wav,11
PD_ABLANDADA_0018.wav,15
PD_ABLANDADA_0004.wav,9
PD_O1_0109.wav,10
PD_ESPONTANEA_0039.wav,104
PD_E3_0031.wav,14
PD_CALLE_0041.wav,19
PD_GANGA_0023.wav,5
PD_BARBAS_0046.wav,15
PD_GANGA_0039.wav,7
HC_TOMAS_0082.wav,7
PD_O2_0117.wav,13
HC_I1_0083.wav,22
HC_CARMEN_0137.wav,9
PD_I2_0015.wav,24
HC_PATATA_BLANDA_0075.wav,13
HC_CARMEN_0085.wav,9
HC_PIDIO_0055.wav,14
PD_BARBAS_0032.wav,19
HC_BURRO_0052.wav,10
PD_A2_0014.wav,16
PD_O1_0113.wav,22
PD_U1_0007.wav,18
HC_MANGA_0134.wav,10
HC_I1_0137.wav,42
HC_U1_0120.wav,23
HC_I2_0112.wav,23
HC_BARBAS_0145.wav,24
PD_O2_0058.wav,22
PD_U1_0014.wav,21
HC_PATAKA_0048.wav,47
PD_PATAKA_0046.wav,48
PD_E2_0046.wav,19
PD_PATAKA_0035.wav,27
PD_I1_0042.wav,28
PD_U1_0031.wav,18
PD_I1_0044.wav,22
HC_E1_0112.wav,24
HC_E1_0134.wav,20
PD_A2_0111.wav,26
HC_A2_0132.wav,6
HC_PAN_VINO_0055.wav,7
HC_ESPONTANEA_0138.wav,367
PD_ACAMPADA_0016.wav,8
HC_I1_0062.wav,20
PD_A1_0031.wav,13
HC_BURRO_0135.wav,8
HC_A1_0105.wav,14
PD_PETACA_BLANCA_0040.wav,8
PD_I1_0031.wav,15
PD_ACAMPADA_0066.wav,13
HC_E2_0063.wav,20
HC_PATAKA_0144.wav,69
HC_O2_0131.wav,12
PD_PETACA_BLANCA_0004.wav,7
PD_O2_0111.wav,17
PD_PATATA_BLANDA_0013.wav,9
PD_GANGA_0041.wav,11
HC_CALLE_0036.wav,15
HC_BARBAS_0140.wav,22
PD_ABLANDADA_0039.wav,9
HC_MANGA_0136.wav,7
HC_ESPONTANEA_0087.wav,140
HC_PERRO_0134.wav,8
PD_PERRO_0042.wav,9
PD_BURRO_0027.wav,7
PD_PETACA_BLANCA_0026.wav,11
PD_CARMEN_0038.wav,8
HC_MANGA_0140.wav,9
PD_PAN_VINO_0023.wav,6
PD_PETACA_BLANCA_0027.wav,8
HC_GANGA_0143.wav,4
PD_DIABLO_0039.wav,11
HC_PATAKA_0129.wav,41
HC_O2_0135.wav,12
HC_E2_0086.wav,21
PD_PATAKA_0021.wav,40
HC_GANGA_0141.wav,6
PD_O1_0078.wav,21
PD_DIABLO_0047.wav,20
PD_MANGA_0033.wav,6
HC_E1_0141.wav,16
PD_ABLANDADA_0042.wav,15
PD_A2_0022.wav,18
PD_A1_0027.wav,17
PD_GANGA_0021.wav,7
HC_ESPONTANEA_0120.wav,191
HC_I1_0086.wav,19
PD_U1_0046.wav,18
HC_A1_0080.wav,13
HC_PATATA_BLANDA_0065.wav,12
PD_I1_0016.wav,16
HC_MANGA_0139.wav,8
PD_TOMAS_0025.wav,7
PD_PETACA_BLANCA_0017.wav,9
PD_E2_0079.wav,16
PD_O2_0042.wav,32
HC_MANGA_0048.wav,6
PD_PAN_VINO_0027.wav,6
HC_DIABLO_0132.wav,16
PD_I2_0031.wav,17
HC_O1_0034.wav,29
PD_DIABLO_0032.wav,17
HC_GANGA_0132.wav,8
HC_SOMBRA_0081.wav,18
HC_PETACA_BLANCA_0121.wav,13
PD_BURRO_0020.wav,8
HC_I2_0045.wav,18
HC_MANGA_0052.wav,6
HC_DIABLO_0052.wav,15
PD_O2_0070.wav,15
PD_ACAMPADA_0024.wav,8
PD_PATAKA_0031.wav,36
HC_SOMBRA_0128.wav,19
PD_O3_0030.wav,18
PD_PATAKA_0030.wav,53
PD_I2_0040.wav,14
PD_A2_0010.wav,15
PD_TOMAS_0115.wav,7
PD_O2_0030.wav,17
PD_SOMBRA_0117.wav,12
HC_PERRO_0086.wav,8
PD_O1_0024.wav,18
PD_O1_0039.wav,18
PD_ESPONTANEA_0079.wav,146
PD_A2_0009.wav,11
HC_CARMEN_0062.wav,6
PD_U1_0033.wav,18
PD_A1_0037.wav,27
HC_I1_0139.wav,25
HC_CALLE_0130.wav,14
PD_I3_0027.wav,17
PD_I2_0067.wav,18
HC_ESPONTANEA_0075.wav,255
HC_ACAMPADA_0132.wav,11
PD_I3_0018.wav,18
HC_PATATA_BLANDA_0142.wav,14
HC_A2_0034.wav,23
PD_PATATA_BLANDA_0014.wav,8
HC_PIDIO_0136.wav,14
PD_I1_0014.wav,21
HC_PERRO_0045.wav,12
HC_MANGA_0105.wav,6
HC_O2_0133.wav,10
PD_E2_0042.wav,28
HC_BARBAS_0134.wav,18
HC_BARBAS_0135.wav,18
HC_PATAKA_0135.wav,76
PD_GANGA_0032.wav,6
HC_MANGA_0138.wav,6
HC_DIABLO_0085.wav,19
HC_E2_0137.wav,23
HC_PIDIO_0085.wav,20
HC_PAN_VINO_0121.wav,8
PD_O2_0032.wav,18
PD_A2_0018.wav,18
HC_A1_0074.wav,15
HC_PETACA_BLANCA_0085.wav,15
HC_CARMEN_0052.wav,7
PD_MANGA_0032.wav,6
PD_BURRO_0012.wav,10
HC_TOMAS_0112.wav,4
PD_MANGA_0066.wav,9
PD_PATAKA_0047.wav,54
PD_BARBAS_0024.wav,21
PD_A2_0030.wav,20
PD_SOMBRA_0115.wav,14
PD_I2_0019.wav,20
HC_O2_0105.wav,19
PD_CARMEN_0007.wav,10
PD_E3_0012.wav,19
HC_BURRO_0072.wav,11
PD_SOMBRA_0032.wav,17
HC_BARBAS_0061.wav,17
HC_ABLANDADA_0087.wav,14
PD_GANGA_0006.wav,7
HC_TOMAS_0036.wav,6
PD_GANGA_0025.wav,7
PD_CARMEN_0077.wav,6
HC_E2_0085.wav,18
HC_CARMEN_0054.wav,5
HC_MANGA_0034.wav,7
PD_ABLANDADA_0111.wav,16
PD_ABLANDADA_0044.wav,12
HC_ESPONTANEA_0080.wav,88
PD_E1_0006.wav,18
PD_PAN_VINO_0066.wav,8
PD_PERRO_0004.wav,8
HC_MANGA_0053.wav,6
HC_PATATA_BLANDA_0133.wav,11
HC_BARBAS_0053.wav,22
PD_A1_0016.wav,6
PD_I2_0032.wav,18
HC_PAN_VINO_0080.wav,13
PD_O3_0011.wav,21
PD_ACAMPADA_0015.wav,8
HC_U1_0060.wav,22
HC_GANGA_0133.wav,7
HC_E1_0129.wav,20
HC_ABLANDADA_0054.wav,11
HC_A1_0139.wav,18
PD_PATATA_BLANDA_0018.wav,12
HC_CARMEN_0116.wav,11
PD_PATATA_BLANDA_0026.wav,9
PD_DIABLO_0017.wav,13
HC_A2_0053.wav,16
HC_A1_0053.wav,14
HC_PAN_VINO_0064.wav,9
HC_O1_0065.wav,17
PD_E2_0013.wav,15
HC_PIDIO_0138.wav,14
PD_E3_0011.wav,21
HC_PERRO_0065.wav,9
PD_TOMAS_0016.wav,5
HC_ABLANDADA_0074.wav,13
PD_TOMAS_0006.wav,6
PD_O1_0023.wav,18
HC_GANGA_0120.wav,5
PD_A2_0012.wav,17
HC_PATATA_BLANDA_0143.wav,8
PD_O2_0023.wav,18
PD_PAN_VINO_0078.wav,11
HC_U1_0081.wav,19
PD_PAN_VINO_0046.wav,7
HC_PATATA_BLANDA_0083.wav,16
HC_TOMAS_0135.wav,6
PD_SOMBRA_0038.wav,32
PD_SOMBRA_0028.wav,13
PD_A2_0078.wav,16
PD_GANGA_0044.wav,9
HC_PETACA_BLANCA_0112.wav,8
PD_CALLE_0006.wav,13
HC_I2_0087.wav,20
HC_I2_0142.wav,12
HC_DIABLO_0083.wav,13
PD_ABLANDADA_0070.wav,15
HC_BARBAS_0049.wav,22
PD_DIABLO_0006.wav,14
PD_BURRO_0043.wav,7
PD_O3_0016.wav,19
HC_PIDIO_0086.wav,18
PD_DIABLO_0007.wav,16
HC_PETACA_BLANCA_0075.wav,11
HC_E2_0128.wav,35
PD_PETACA_BLANCA_0024.wav,9
HC_ABLANDADA_0056.wav,10
HC_PERRO_0071.wav,9
PD_BARBAS_0040.wav,27
PD_ACAMPADA_0021.wav,8
PD_I3_0006.wav,19
HC_ACAMPADA_0130.wav,9
HC_BURRO_0063.wav,9
PD_PAN_VINO_0013.wav,7
PD_MANGA_0024.wav,7
HC_SOMBRA_0053.wav,20
PD_I2_0058.wav,19
PD_I3_0019.wav,20
HC_CARMEN_0071.wav,9
HC_CALLE_0053.wav,14
HC_GANGA_0122.wav,12
HC_CALLE_0134.wav,12
HC_U1_0083.wav,20
PD_GANGA_0067.wav,8
PD_A2_0006.wav,17
HC_O2_0130.wav,6
HC_PAN_VINO_0056.wav,8
HC_PAN_VINO_0140.wav,15
PD_E1_0014.wav,20
PD_E2_0066.wav,29
HC_DIABLO_0138.wav,18
PD_U1_0009.wav,18
PD_MANGA_0026.wav,4
HC_BURRO_0128.wav,14
HC_PATATA_BLANDA_0139.wav,12
PD_MANGA_0113.wav,6
HC_I2_0135.wav,11
HC_MANGA_0141.wav,5
PD_ABLANDADA_0115.wav,12
PD_I2_0046.wav,22
PD_CARMEN_0012.wav,7
PD_CARMEN_0111.wav,10
PD_DIABLO_0046.wav,13
PD_I1_0010.wav,20
HC_I1_0105.wav,16
HC_TOMAS_0076.wav,8
PD_ABLANDADA_0033.wav,10
HC_O2_0064.wav,17
HC_BURRO_0086.wav,10
PD_ACAMPADA_0019.wav,8
PD_CALLE_0015.wav,16
HC_ABLANDADA_0062.wav,13
PD_O1_0047.wav,20
HC_E2_0120.wav,25
HC_PATATA_BLANDA_0060.wav,11
PD_PATAKA_0041.wav,59
PD_A3_0026.wav,17
HC_O1_0062.wav,21
PD_I3_0004.wav,14
PD_CARMEN_0023.wav,13
HC_O2_0061.wav,20
HC_O1_0056.wav,21
PD_A1_0028.wav,15
PD_PAN_VINO_0030.wav,6
HC_PETACA_BLANCA_0142.wav,12
HC_PIDIO_0052.wav,16
HC_PATAKA_0055.wav,57
HC_A1_0065.wav,16
HC_ABLANDADA_0145.wav,15
PD_U1_0111.wav,22
PD_A1_0018.wav,15
PD_A3_0024.wav,15
PD_A2_0025.wav,16
HC_ABLANDADA_0072.wav,18
HC_TOMAS_0064.wav,5
PD_PIDIO_0038.wav,27
HC_E2_0087.wav,17
HC_SOMBRA_0085.wav,24
PD_A2_0035.wav,26
HC_O2_0132.wav,6
PD_CARMEN_0042.wav,7
PD_SOMBRA_0058.wav,22
PD_I3_0033.wav,18
HC_O2_0055.wav,23
PD_ACAMPADA_0115.wav,9
PD_A1_0013.wav,15
PD_A2_0109.wav,12
HC_ACAMPADA_0072.wav,11
PD_MANGA_0117.wav,7
PD_ESPONTANEA_0077.wav,115
PD_A1_0020.wav,18
PD_MANGA_0115.wav,9
HC_I2_0073.wav,20
HC_TOMAS_0085.wav,9
PD_U2_0109.wav,12
HC_I1_0118.wav,17
HC_PATATA_BLANDA_0121.wav,12
HC_PATAKA_0105.wav,31
HC_SOMBRA_0056.wav,13
HC_GANGA_0049.wav,9
HC_I1_0051.wav,27
HC_O1_0139.wav,26
HC_E1_0120.wav,25
PD_SOMBRA_0023.wav,24
PD_A3_0007.wav,11
PD_PAN_VINO_0012.wav,10
HC_O1_0134.wav,15
HC_E2_0083.wav,19
HC_ESPONTANEA_0141.wav,388
HC_I2_0062.wav,20
PD_PERRO_0031.wav,8
PD_A1_0023.wav,15
HC_ESPONTANEA_0128.wav,388
HC_PAN_VINO_0116.wav,9
HC_GANGA_0048.wav,6
HC_TOMAS_0143.wav,5
PD_CARMEN_0014.wav,8
HC_E2_0056.wav,12
HC_U1_0136.wav,17
HC_CARMEN_0120.wav,15
HC_DIABLO_0105.wav,15
PD_BURRO_0035.wav,8
PD_CALLE_0016.wav,18
PD_PATATA_BLANDA_0020.wav,8
HC_ABLANDADA_0141.wav,10
PD_MANGA_0067.wav,6
HC_U2_0143.wav,18
PD_CARMEN_0066.wav,8
PD_PERRO_0030.wav,7
PD_A2_0023.wav,18
PD_I3_0029.wav,17
HC_PAN_VINO_0087.wav,9
PD_GANGA_0007.wav,7
HC_PETACA_BLANCA_0064.wav,10
HC_PATAKA_0074.wav,26
PD_PERRO_0015.wav,9
HC_A2_0054.wav,18
PD_PIDIO_0079.wav,17
PD_TOMAS_0027.wav,5
HC_O1_0116.wav,15
HC_PAN_VINO_0051.wav,8
HC_BURRO_0136.wav,9
HC_CARMEN_0074.wav,7
PD_TOMAS_0023.wav,5
PD_BURRO_0004.wav,6
HC_DIABLO_0049.wav,16
HC_PATAKA_0081.wav,69
PD_PETACA_BLANCA_0109.wav,9
PD_BARBAS_0022.wav,29
HC_SOMBRA_0143.wav,19
PD_O1_0077.wav,21
PD_ESPONTANEA_0117.wav,87
PD_O2_0024.wav,20
HC_CARMEN_0056.wav,7
PD_E1_0017.wav,17
PD_PETACA_BLANCA_0067.wav,10
PD_I2_0022.wav,19
PD_PERRO_0022.wav,8
PD_I2_0042.wav,29
HC_A2_0128.wav,37
PD_O1_0007.wav,14
HC_BURRO_0074.wav,12
PD_PERRO_0038.wav,12
PD_A1_0017.wav,17
HC_ABLANDADA_0142.wav,17
PD_E3_0028.wav,17
HC_U1_0133.wav,40
PD_DIABLO_0024.wav,13
PD_SOMBRA_0113.wav,22
PD_BARBAS_0111.wav,20
HC_ABLANDADA_0075.wav,13
PD_E2_0006.wav,17
HC_CARMEN_0076.wav,8
HC_SOMBRA_0083.wav,13
HC_I1_0120.wav,23
PD_PERRO_0025.wav,10
HC_PIDIO_0082.wav,15
HC_BARBAS_0075.wav,27
PD_PATATA_BLANDA_0042.wav,11
PD_A1_0077.wav,19
HC_ABLANDADA_0128.wav,16
HC_I2_0130.wav,5
HC_PIDIO_0074.wav,20
HC_TOMAS_0087.wav,7
PD_PATATA_BLANDA_0015.wav,9
PD_PATATA_BLANDA_0067.wav,9
HC_ESPONTANEA_0118.wav,62
HC_U2_0116.wav,18
PD_I2_0017.wav,17
HC_PERRO_0105.wav,8
HC_CARMEN_0145.wav,8
HC_A1_0112.wav,17
PD_ACAMPADA_0109.wav,9
PD_PETACA_BLANCA_0022.wav,13
HC_U1_0134.wav,22
HC_I2_0072.wav,19
HC_A2_0073.wav,16
PD_CARMEN_0079.wav,7
PD_I2_0020.wav,17
HC_U1_0116.wav,18
HC_PERRO_0145.wav,11
PD_I2_0024.wav,17
PD_PERRO_0033.wav,10
PD_PETACA_BLANCA_0009.wav,8
PD_CARMEN_0031.wav,7
HC_PAN_VINO_0132.wav,10
PD_PATAKA_0026.wav,48
HC_PAN_VINO_0076.wav,8
PD_TOMAS_0019.wav,6
PD_A2_0042.wav,22
PD_GANGA_0020.wav,3
HC_PIDIO_0083.wav,8
HC_GANGA_0145.wav,10
PD_CARMEN_0109.wav,6
PD_BARBAS_0070.wav,17
HC_ABLANDADA_0134.wav,15
HC_CARMEN_0130.wav,7
HC_PIDIO_0144.wav,13
PD_A3_0031.wav,16
PD_U1_0008.wav,19
PD_TOMAS_0109.wav,6
HC_GANGA_0036.wav,8
HC_SOMBRA_0120.wav,12
HC_TOMAS_0130.wav,4
PD_PAN_VINO_0058.wav,8
HC_PATAKA_0130.wav,91
PD_O3_0008.wav,22
HC_O1_0122.wav,29
PD_ABLANDADA_0077.wav,11
HC_BURRO_0051.wav,10
HC_I1_0061.wav,23
PD_PERRO_0113.wav,13
PD_E3_0007.wav,13
HC_ACAMPADA_0118.wav,12
HC_U1_0143.wav,31
HC_BARBAS_0130.wav,18
HC_BURRO_0133.wav,12
PD_PATAKA_0039.wav,41
HC_O1_0133.wav,40
PD_PERRO_0041.wav,12
PD_I2_0010.wav,21
PD_PATATA_BLANDA_0022.wav,11
PD_MANGA_0015.wav,6
PD_ABLANDADA_0041.wav,15
PD_I1_0026.wav,18
PD_E1_0113.wav,25
PD_PATAKA_0070.wav,38
HC_ABLANDADA_0064.wav,14
PD_PAN_VINO_0015.wav,12
PD_SOMBRA_0027.wav,12
PD_E1_0111.wav,16
HC_CARMEN_0143.wav,6
HC_ESPONTANEA_0061.wav,190
PD_PERRO_0044.wav,8
PD_E1_0022.wav,18
HC_CALLE_0137.wav,15
PD_O3_0021.wav,18
HC_PERRO_0072.wav,9
HC_I1_0049.wav,19
HC_I2_0120.wav,25
PD_O2_0011.wav,21
HC_PATATA_BLANDA_0134.wav,11
HC_E2_0082.wav,16
HC_I1_0054.wav,22
PD_O1_0009.wav,17
HC_GANGA_0063.wav,8
PD_E3_0004.wav,15
PD_BARBAS_0043.wav,17
PD_PATAKA_0010.wav,35
PD_GANGA_0008.wav,9
HC_U1_0054.wav,21
PD_CALLE_0012.wav,18
PD_PATAKA_0012.wav,18
HC_A2_0136.wav,30
HC_BARBAS_0060.wav,20
HC_U1_0080.wav,18
HC_I1_0055.wav,19
HC_CALLE_0034.wav,11
PD_A1_0044.wav,18
HC_U2_0138.wav,8
HC_ACAMPADA_0080.wav,7
PD_O1_0042.wav,24
HC_MANGA_0036.wav,6
PD_CARMEN_0028.wav,6
PD_PATATA_BLANDA_0032.wav,7
PD_O1_0043.wav,12
HC_ACAMPADA_0056.wav,9
HC_PATAKA_0064.wav,10
PD_A1_0030.wav,18
HC_GANGA_0075.wav,9
PD_I1_0041.wav,19
HC_U1_0085.wav,22
PD_A2_0011.wav,19
HC_PETACA_BLANCA_0034.wav,10
HC_O1_0049.wav,23
HC_PERRO_0064.wav,9
HC_PATAKA_0131.wav,36
PD_PIDIO_0016.wav,15
HC_PIDIO_0118.wav,15
HC_SOMBRA_0134.wav,15
PD_SOMBRA_0006.wav,16
HC_A2_0076.wav,16
HC_O2_0045.wav,18
HC_PERRO_0112.wav,12
HC_O1_0144.wav,17
HC_U1_0055.wav,19
PD_PATATA_BLANDA_0047.wav,8
HC_PETACA_BLANCA_0087.wav,13
PD_E2_0023.wav,17
HC_DIABLO_0112.wav,14
HC_CALLE_0112.wav,14
HC_PATAKA_0076.wav,67
HC_PIDIO_0048.wav,12
HC_CARMEN_0133.wav,6
PD_CARMEN_0024.wav,6
HC_BARBAS_0137.wav,24
HC_ACAMPADA_0062.wav,8
HC_CALLE_0073.wav,32
HC_DIABLO_0071.wav,8
PD_PATAKA_0042.wav,82
PD_A1_0039.wav,16
HC_PAN_VINO_0135.wav,9
HC_A2_0141.wav,10
HC_GANGA_0142.wav,10
HC_PIDIO_0071.wav,18
PD_I1_0012.wav,19
HC_O2_0141.wav,8
HC_O1_0118.wav,15
HC_ESPONTANEA_0036.wav,148
PD_I1_0109.wav,14
HC_ABLANDADA_0055.wav,9
PD_E1_0032.wav,17
PD_O1_0044.wav,21
HC_PIDIO_0060.wav,15
PD_O1_0067.wav,20
HC_PATATA_BLANDA_0122.wav,13
HC_ABLANDADA_0085.wav,16
HC_TOMAS_0139.wav,8
HC_SOMBRA_0071.wav,21
PD_U1_0028.wav,17
PD_O3_0026.wav,17
HC_O1_0075.wav,18
HC_O1_0120.wav,22
HC_PERRO_0061.wav,8
HC_PERRO_0141.wav,7
PD_GANGA_0035.wav,7
PD_PATAKA_0044.wav,75
PD_CARMEN_0029.wav,7
PD_PAN_VINO_0117.wav,5
PD_PATATA_BLANDA_0043.wav,7
HC_A1_0133.wav,34
PD_I1_0017.wav,18
PD_BURRO_0023.wav,14
HC_PATAKA_0136.wav,120
PD_TOMAS_0011.wav,5
PD_BURRO_0040.wav,10
HC_A2_0105.wav,19
HC_BURRO_0118.wav,13
HC_I2_0144.wav,11
PD_PATAKA_0109.wav,65
PD_PATATA_BLANDA_0113.wav,11
PD_E2_0039.wav,19
PD_ABLANDADA_0030.wav,11
HC_I1_0135.wav,11
HC_O2_0136.wav,24
HC_PIDIO_0034.wav,18
HC_A1_0134.wav,14
PD_E1_0109.wav,7
PD_BURRO_0022.wav,9
PD_PATAKA_0015.wav,40
HC_E1_0118.wav,17
PD_ABLANDADA_0066.wav,16
HC_PERRO_0053.wav,7
PD_PERRO_0011.wav,7
PD_PIDIO_0014.wav,13
PD_MANGA_0027.wav,5
HC_CARMEN_0087.wav,9
PD_U1_0058.wav,18
HC_I2_0141.wav,6
PD_PERRO_0111.wav,12
HC_SOMBRA_0138.wav,16
PD_PIDIO_0113.wav,21
PD_DIABLO_0031.wav,15
HC_A1_0142.wav,35
PD_I3_0010.wav,23
PD_A1_0067.wav,16
HC_A1_0063.wav,12
HC_O2_0063.wav,32
HC_A3_0034.wav,17
PD_BARBAS_0006.wav,17
PD_O2_0079.wav,16
PD_PETACA_BLANCA_0014.wav,9
PD_E1_0011.wav,18
HC_A1_0138.wav,19
HC_O2_0085.wav,19
PD_CARMEN_0030.wav,6
HC_O1_0145.wav,16
HC_A2_0134.wav,12
HC_ACAMPADA_0074.wav,10
PD_A1_0046.wav,19
PD_PETACA_BLANCA_0008.wav,11
PD_O3_0032.wav,18
HC_ESPONTANEA_0140.wav,394
HC_DIABLO_0064.wav,15
HC_TOMAS_0128.wav,5
HC_PATAKA_0082.wav,51
PD_PATATA_BLANDA_0109.wav,13
PD_I1_0043.wav,16
HC_U2_0130.wav,7
HC_TOMAS_0062.wav,6
HC_CARMEN_0112.wav,9
PD_A2_0047.wav,17
PD_A2_0004.wav,11
PD_PIDIO_0077.wav,12
PD_I2_0033.wav,18
HC_ACAMPADA_0051.wav,9
PD_TOMAS_0037.wav,7
HC_BARBAS_0080.wav,15
HC_PERRO_0130.wav,7
HC_DIABLO_0072.wav,18
PD_PIDIO_0029.wav,13
HC_BARBAS_0086.wav,24
HC_CARMEN_0142.wav,9
HC_TOMAS_0054.wav,6
PD_E3_0008.wav,20
HC_ACAMPADA_0131.wav,10
HC_ACAMPADA_0054.wav,7
PD_DIABLO_0040.wav,19
HC_U2_0122.wav,30
HC_ABLANDADA_0139.wav,13
HC_PATAKA_0062.wav,96
HC_BURRO_0141.wav,8
HC_DIABLO_0076.wav,15
HC_PERRO_0051.wav,9
HC_CARMEN_0036.wav,7
HC_O1_0083.wav,19
PD_CALLE_0017.wav,18
PD_ABLANDADA_0038.wav,16
PD_PATATA_BLANDA_0030.wav,8
PD_BARBAS_0077.wav,15
PD_SOMBRA_0013.wav,22
HC_A1_0048.wav,26
PD_PAN_VINO_0070.wav,7
PD_E2_0077.wav,20
HC_ACAMPADA_0082.wav,12
PD_U1_0113.wav,20
HC_BURRO_0082.wav,9
HC_SOMBRA_0062.wav,18
PD_U1_0109.wav,13
HC_ESPONTANEA_0071.wav,165
PD_ABLANDADA_0113.wav,11
HC_PETACA_BLANCA_0073.wav,12
PD_DIABLO_0066.wav,15
PD_ABLANDADA_0028.wav,8
PD_PATAKA_0117.wav,59
HC_PERRO_0054.wav,9
HC_ACAMPADA_0073.wav,11
PD_U1_0004.wav,17
HC_PETACA_BLANCA_0143.wav,9
HC_E1_0145.wav,15
HC_ESPONTANEA_0082.wav,89
PD_E1_0058.wav,17
HC_BURRO_0112.wav,6
HC_PATATA_BLANDA_0138.wav,10
PD_ACAMPADA_0035.wav,6
HC_U1_0122.wav,27
HC_ACAMPADA_0060.wav,9
HC_A1_0055.wav,16
PD_BURRO_0113.wav,10
HC_I2_0055.wav,22
PD_E1_0029.wav,18
HC_PERRO_0137.wav,9
PD_O3_0014.wav,20
PD_CARMEN_0019.wav,6
PD_BARBAS_0117.wav,19
PD_A2_0029.wav,14
HC_CARMEN_0049.wav,9
HC_TOMAS_0063.wav,6
PD_TOMAS_0035.wav,5
PD_PATAKA_0022.wav,78
PD_ABLANDADA_0017.wav,10
HC_CARMEN_0075.wav,10
HC_PATAKA_0118.wav,55
HC_A2_0072.wav,10
HC_I1_0144.wav,18
HC_CARMEN_0131.wav,11
PD_O3_0009.wav,10
HC_PETACA_BLANCA_0144.wav,10
HC_BURRO_0132.wav,12
HC_I2_0085.wav,18
PD_PETACA_BLANCA_0029.wav,10
HC_PETACA_BLANCA_0128.wav,13
PD_U2_0113.wav,24
PD_PATAKA_0018.wav,103
PD_PATATA_BLANDA_0008.wav,10
HC_CARMEN_0128.wav,10
PD_PETACA_BLANCA_0032.wav,9
PD_BARBAS_0115.wav,17
HC_CARMEN_0081.wav,7
PD_BARBAS_0007.wav,21
PD_PATATA_BLANDA_0004.wav,8
HC_PIDIO_0133.wav,15
PD_PATATA_BLANDA_0019.wav,9
PD_CARMEN_0047.wav,6
PD_PATATA_BLANDA_0070.wav,9
HC_CALLE_0054.wav,14
PD_SOMBRA_0070.wav,16
HC_GANGA_0087.wav,13
PD_PATAKA_0020.wav,51
HC_PETACA_BLANCA_0072.wav,13
PD_O2_0038.wav,22
HC_E2_0116.wav,18
PD_PERRO_0079.wav,10
HC_DIABLO_0081.wav,15
PD_BURRO_0006.wav,9
PD_ACAMPADA_0033.wav,7
PD_A3_0027.wav,17
HC_CARMEN_0082.wav,0
PD_A3_0008.wav,18
HC_PATATA_BLANDA_0051.wav,10
HC_TOMAS_0133.wav,7
HC_PETACA_BLANCA_0130.wav,10
HC_PIDIO_0073.wav,27
PD_GANGA_0016.wav,8
PD_ABLANDADA_0007.wav,11
PD_PATATA_BLANDA_0010.wav,10
PD_PERRO_0024.wav,9
HC_PATATA_BLANDA_0145.wav,14
PD_O3_0012.wav,22
PD_PETACA_BLANCA_0006.wav,8
HC_PIDIO_0063.wav,17
PD_BARBAS_0058.wav,7
HC_PATAKA_0036.wav,56
PD_BARBAS_0035.wav,17
HC_SOMBRA_0130.wav,13
HC_ABLANDADA_0052.wav,11
HC_I1_0076.wav,19
HC_PATATA_BLANDA_0130.wav,9
HC_A1_0135.wav,18
HC_PERRO_0036.wav,9
PD_U1_0010.wav,20
PD_O1_0032.wav,17
PD_CARMEN_0009.wav,6
PD_BARBAS_0078.wav,19
HC_E2_0052.wav,28
HC_PIDIO_0054.wav,15
HC_ABLANDADA_0080.wav,7
HC_MANGA_0116.wav,6
HC_PATAKA_0143.wav,101
HC_PERRO_0136.wav,9
PD_PAN_VINO_0009.wav,9
PD_MANGA_0019.wav,6
PD_DIABLO_0037.wav,24
PD_I3_0007.wav,16
HC_O1_0141.wav,17
HC_MANGA_0112.wav,5
PD_A2_0038.wav,20
HC_BARBAS_0133.wav,22
HC_CARMEN_0072.wav,9
PD_I2_0079.wav,16
HC_BARBAS_0142.wav,22
PD_CALLE_0010.wav,17
PD_MANGA_0009.wav,6
PD_I1_0025.wav,17
PD_O2_0028.wav,18
PD_BARBAS_0018.wav,22
PD_E2_0115.wav,13
HC_PIDIO_0045.wav,16
HC_DIABLO_0130.wav,17
HC_PETACA_BLANCA_0049.wav,11
PD_O1_0035.wav,24
PD_I1_0004.wav,16
HC_O2_0087.wav,18
HC_PIDIO_0056.wav,9
PD_PATAKA_0017.wav,62
HC_E2_0073.wav,20
PD_A3_0014.wav,17
HC_A1_0085.wav,17
PD_A3_0025.wav,16
HC_PIDIO_0051.wav,14
HC_I1_0082.wav,17
HC_ESPONTANEA_0112.wav,190
PD_PIDIO_0030.wav,13
HC_A1_0049.wav,20
PD_DIABLO_0111.wav,17
HC_SOMBRA_0087.wav,16
HC_PETACA_BLANCA_0140.wav,9
HC_A2_0082.wav,13
PD_PERRO_0035.wav,6
PD_E1_0007.wav,14
PD_U1_0032.wav,17
HC_U1_0071.wav,19
PD_A3_0006.wav,18
HC_E2_0143.wav,29
HC_I1_0128.wav,39
HC_BURRO_0034.wav,8
HC_E2_0051.wav,26
PD_MANGA_0044.wav,8
HC_U1_0138.wav,22
HC_PIDIO_0142.wav,15
PD_PIDIO_0058.wav,20
PD_PIDIO_0031.wav,15
HC_DIABLO_0075.wav,22
HC_O1_0061.wav,20
PD_E2_0041.wav,22
PD_I2_0007.wav,13
PD_U1_0025.wav,16
PD_I3_0016.wav,15
HC_MANGA_0063.wav,8
HC_CALLE_0063.wav,9
PD_BARBAS_0025.wav,22
PD_PIDIO_0010.wav,22
HC_ABLANDADA_0118.wav,14
HC_O1_0073.wav,21
PD_A2_0117.wav,13
HC_ABLANDADA_0048.wav,10
PD_TOMAS_0070.wav,7
HC_O2_0112.wav,27
PD_ACAMPADA_0029.wav,9
PD_CALLE_0066.wav,13
PD_TOMAS_0026.wav,5
HC_U1_0131.wav,16
PD_MANGA_0079.wav,7
PD_ACAMPADA_0013.wav,8
PD_BARBAS_0109.wav,18
PD_PAN_VINO_0047.wav,8
PD_A1_0066.wav,16
PD_A1_0113.wav,22
PD_BURRO_0041.wav,13
HC_E2_0064.wav,16
PD_E2_0109.wav,13
HC_A2_0087.wav,11
HC_PATAKA_0063.wav,25
PD_MANGA_0018.wav,8
PD_ESPONTANEA_0043.wav,73
HC_PERRO_0074.wav,11
PD_ACAMPADA_0028.wav,7
PD_CALLE_0013.wav,12
PD_TOMAS_0009.wav,6
HC_GANGA_0131.wav,9
HC_O1_0129.wav,26
PD_PATAKA_0006.wav,15
HC_PATATA_BLANDA_0141.wav,7
HC_MANGA_0120.wav,8
PD_BURRO_0019.wav,7
HC_PIDIO_0072.wav,22
PD_CALLE_0058.wav,16
HC_CALLE_0105.wav,13
PD_BARBAS_0004.wav,14
HC_SOMBRA_0076.wav,14
PD_I1_0029.wav,18
HC_ACAMPADA_0134.wav,11
PD_E3_0018.wav,18
HC_PERRO_0075.wav,10
HC_U2_0128.wav,35
PD_O1_0014.wav,20
PD_U1_0024.wav,17
PD_CARMEN_0044.wav,8
HC_MANGA_0071.wav,9
PD_O1_0111.wav,18
HC_U1_0052.wav,26
HC_O1_0072.wav,19
PD_ACAMPADA_0037.wav,9
HC_U1_0087.wav,19
HC_BURRO_0036.wav,9
PD_CALLE_0033.wav,13
PD_O3_0010.wav,19
HC_CARMEN_0140.wav,8
PD_BARBAS_0020.wav,15
HC_GANGA_0082.wav,11
HC_TOMAS_0065.wav,6
PD_PETACA_BLANCA_0031.wav,11
PD_BARBAS_0013.wav,21
HC_ACAMPADA_0081.wav,11
HC_A1_0075.wav,15
HC_BURRO_0137.wav,10
PD_CARMEN_0039.wav,6
PD_A1_0022.wav,14
PD_E3_0016.wav,11
HC_PERRO_0076.wav,9
HC_ESPONTANEA_0060.wav,239
PD_PERRO_0006.wav,9
HC_BARBAS_0112.wav,18
HC_PIDIO_0049.wav,16
PD_CALLE_0020.wav,10
PD_ABLANDADA_0040.wav,11
HC_O2_0073.wav,20
PD_U1_0047.wav,17
PD_U1_0016.wav,19
HC_DIABLO_0063.wav,16
HC_A1_0143.wav,21
HC_ESPONTANEA_0145.wav,392
HC_BARBAS_0056.wav,20
PD_BURRO_0047.wav,9
HC_ABLANDADA_0135.wav,12
HC_O1_0051.wav,28
HC_PAN_VINO_0137.wav,9
PD_GANGA_0014.wav,3
PD_ABLANDADA_0022.wav,24
PD_E1_0013.wav,17
HC_PETACA_BLANCA_0134.wav,10
PD_O1_0033.wav,18
PD_O1_0010.wav,19
HC_PATAKA_0072.wav,48
PD_GANGA_0029.wav,9
PD_TOMAS_0042.wav,7
PD_O2_0067.wav,22
HC_GANGA_0144.wav,12
HC_I1_0052.wav,28
HC_BARBAS_0076.wav,18
PD_E2_0031.wav,18
PD_I1_0046.wav,18
PD_BARBAS_0028.wav,17
PD_O3_0018.wav,19
HC_O1_0112.wav,21
HC_U1_0076.wav,19
PD_PATATA_BLANDA_0012.wav,11
HC_ESPONTANEA_0130.wav,328
HC_ABLANDADA_0116.wav,15
HC_O1_0138.wav,23
HC_BARBAS_0144.wav,19
PD_I2_0026.wav,19
PD_PATAKA_0066.wav,36
HC_GANGA_0054.wav,6
HC_DIABLO_0061.wav,14
HC_PIDIO_0053.wav,17
HC_PAN_VINO_0061.wav,7
HC_PETACA_BLANCA_0141.wav,6
HC_I2_0080.wav,19
PD_ABLANDADA_0058.wav,19
HC_A2_0075.wav,18
HC_U2_0118.wav,19
PD_SOMBRA_0111.wav,20
HC_PAN_VINO_0141.wav,8
HC_PAN_VINO_0136.wav,8
HC_PATATA_BLANDA_0131.wav,12
PD_PAN_VINO_0025.wav,8
HC_PATAKA_0121.wav,51
PD_CALLE_0079.wav,10
HC_ESPONTANEA_0064.wav,65
HC_SOMBRA_0036.wav,15
HC_CARMEN_0141.wav,6
HC_SOMBRA_0121.wav,17
PD_CALLE_0113.wav,20
PD_E1_0026.wav,17
PD_PIDIO_0115.wav,14
HC_CALLE_0045.wav,18
PD_I2_0035.wav,28
HC_O2_0083.wav,16
PD_O1_0004.wav,19
PD_CALLE_0024.wav,13
HC_E3_0034.wav,28
HC_DIABLO_0051.wav,15
HC_I1_0085.wav,20
PD_SOMBRA_0030.wav,13
HC_O2_0081.wav,19
PD_TOMAS_0030.wav,4
PD_PIDIO_0023.wav,16
HC_CALLE_0048.wav,12
HC_PATATA_BLANDA_0076.wav,11
PD_I2_0029.wav,19
PD_U1_0039.wav,24
HC_ACAMPADA_0045.wav,9
PD_ABLANDADA_0117.wav,10
PD_CALLE_0007.wav,11
PD_I2_0013.wav,18
HC_PATATA_BLANDA_0135.wav,11
PD_I2_0043.wav,24
PD_CALLE_0004.wav,12
PD_DIABLO_0041.wav,23
PD_A3_0015.wav,21
HC_U1_0051.wav,29
PD_A2_0039.wav,16
HC_TOMAS_0137.wav,6
PD_A3_0020.wav,19
HC_E2_0138.wav,10
PD_I1_0040.wav,19
PD_GANGA_0043.wav,5
PD_DIABLO_0035.wav,12
HC_ACAMPADA_0036.wav,10
HC_ESPONTANEA_0137.wav,388
HC_ESPONTANEA_0135.wav,389
PD_PETACA_BLANCA_0044.wav,11
PD_PATAKA_0023.wav,55
PD_ACAMPADA_0031.wav,8
PD_O2_0025.wav,17
PD_DIABLO_0012.wav,16
HC_PAN_VINO_0122.wav,6
PD_DIABLO_0043.wav,13
HC_BURRO_0083.wav,7
HC_PATATA_BLANDA_0112.wav,6
PD_PERRO_0018.wav,10
HC_DIABLO_0128.wav,22
HC_TOMAS_0142.wav,7
HC_U1_0056.wav,19
PD_PATATA_BLANDA_0007.wav,12
HC_E3_0131.wav,18
PD_PETACA_BLANCA_0038.wav,10
HC_PIDIO_0143.wav,15
HC_O2_0144.wav,8
HC_TOMAS_0083.wav,6
HC_E1_0142.wav,32
PD_BURRO_0111.wav,10
PD_U1_0040.wav,15
PD_A1_0029.wav,15
HC_E2_0140.wav,9
PD_GANGA_0024.wav,8
PD_TOMAS_0038.wav,6
HC_SOMBRA_0045.wav,15
PD_TOMAS_0067.wav,6
PD_PERRO_0037.wav,15
PD_ABLANDADA_0026.wav,15
PD_ACAMPADA_0009.wav,8
HC_U1_0118.wav,19
PD_O2_0018.wav,18
PD_U1_0017.wav,18
HC_CARMEN_0060.wav,8
PD_PATATA_BLANDA_0009.wav,10
HC_A1_0076.wav,13
PD_BURRO_0066.wav,10
HC_PETACA_BLANCA_0065.wav,6
HC_I1_0036.wav,29
HC_PETACA_BLANCA_0053.wav,9
HC_ESPONTANEA_0051.wav,371
HC_ESPONTANEA_0083.wav,119
HC_BURRO_0144.wav,12
PD_E2_0113.wav,22
PD_PIDIO_0017.wav,15
HC_GANGA_0134.wav,11
PD_U1_0029.wav,17
HC_PATATA_BLANDA_0128.wav,13
PD_PERRO_0109.wav,7
HC_CARMEN_0048.wav,5
PD_A3_0033.wav,11
PD_E2_0028.wav,15
PD_I3_0009.wav,10
PD_I1_0019.wav,19
HC_GANGA_0064.wav,8
HC_I1_0132.wav,8
PD_PATAKA_0078.wav,65
HC_I2_0133.wav,12
PD_I3_0026.wav,18
HC_PAN_VINO_0054.wav,10
PD_ESPONTANEA_0035.wav,143
PD_BURRO_0037.wav,19
HC_A1_0083.wav,17
HC_ACAMPADA_0137.wav,9
HC_ACAMPADA_0143.wav,8
HC_SOMBRA_0082.wav,21
PD_ABLANDADA_0010.wav,12
PD_I2_0078.wav,21
HC_O1_0036.wav,31
HC_A1_0132.wav,9
PD_MANGA_0011.wav,3
HC_ESPONTANEA_0081.wav,133
PD_O1_0030.wav,18
PD_O2_0040.wav,12
PD_ACAMPADA_0111.wav,10
HC_PETACA_BLANCA_0063.wav,0
HC_PAN_VINO_0128.wav,12
PD_SOMBRA_0047.wav,15
HC_E1_0138.wav,11
HC_GANGA_0105.wav,7
HC_SOMBRA_0140.wav,13
PD_O1_0079.wav,21
PD_PETACA_BLANCA_0016.wav,9
HC_CALLE_0076.wav,16
HC_U1_0073.wav,19
HC_SOMBRA_0064.wav,16
PD_O3_0031.wav,18
HC_BURRO_0142.wav,10
PD_PETACA_BLANCA_0058.wav,7
PD_A1_0011.wav,17
HC_ACAMPADA_0055.wav,6
HC_I1_0121.wav,21
PD_SOMBRA_0008.wav,16
HC_BURRO_0145.wav,10
HC_O2_0140.wav,6
PD_TOMAS_0007.wav,6
HC_ACAMPADA_0063.wav,7
PD_A3_0029.wav,17
HC_I2_0140.wav,7
PD_CALLE_0042.wav,19
HC_ABLANDADA_0076.wav,12
HC_MANGA_0049.wav,10
HC_A2_0036.wav,28
PD_E1_0041.wav,21
PD_PETACA_BLANCA_0113.wav,9
HC_CALLE_0075.wav,15
PD_PERRO_0058.wav,13
HC_A1_0141.wav,18
HC_A2_0060.wav,22
PD_SOMBRA_0029.wav,16
PD_O1_0029.wav,18
PD_BURRO_0018.wav,11
PD_E1_0008.wav,18
HC_ABLANDADA_0036.wav,12
HC_O2_0072.wav,20
HC_PETACA_BLANCA_0052.wav,8
PD_U1_0027.wav,18
PD_PETACA_BLANCA_0010.wav,10
PD_A1_0042.wav,30
HC_ESPONTANEA_0072.wav,150
PD_MANGA_0058.wav,7
PD_ABLANDADA_0043.wav,8
PD_I2_0109.wav,12
PD_DIABLO_0038.wav,24
PD_A1_0026.wav,15
PD_O1_0025.wav,15
HC_U2_0129.wav,25
PD_I2_0023.wav,16
PD_A1_0070.wav,21
PD_PERRO_0027.wav,6
PD_DIABLO_0011.wav,12
PD_ACAMPADA_0008.wav,10
PD_TOMAS_0017.wav,6
PD_PERRO_0012.wav,9
PD_PIDIO_0041.wav,23
PD_PATAKA_0029.wav,21
PD_PIDIO_0033.wav,17
HC_I2_0128.wav,39
PD_SOMBRA_0007.wav,13
HC_GANGA_0083.wav,13
PD_I1_0115.wav,17
PD_SOMBRA_0022.wav,18
PD_DIABLO_0029.wav,15
HC_ESPONTANEA_0056.wav,128
HC_GANGA_0112.wav,6
HC_ESPONTANEA_0074.wav,201
PD_A1_0058.wav,13
HC_A1_0056.wav,18
PD_O1_0117.wav,6
PD_GANGA_0070.wav,8
HC_O1_0085.wav,21
PD_GANGA_0018.wav,10
PD_DIABLO_0022.wav,26
PD_O1_0022.wav,19
HC_PAN_VINO_0112.wav,4
HC_E2_0060.wav,24
PD_PATATA_BLANDA_0029.wav,10
HC_ACAMPADA_0049.wav,10
PD_PERRO_0040.wav,7
PD_MANGA_0046.wav,5
HC_A1_0129.wav,20
PD_U1_0115.wav,15
PD_TOMAS_0020.wav,3
HC_PERRO_0056.wav,8
HC_PAN_VINO_0045.wav,8
PD_CALLE_0039.wav,9
HC_CALLE_0080.wav,4
PD_I1_0021.wav,18
PD_GANGA_0037.wav,7
PD_PETACA_BLANCA_0041.wav,13
PD_E1_0070.wav,17
PD_PATATA_BLANDA_0077.wav,10
PD_PIDIO_0040.wav,35
HC_E2_0122.wav,31
PD_I2_0008.wav,21
PD_MANGA_0042.wav,7
HC_A1_0144.wav,24
PD_PATATA_BLANDA_0033.wav,8
HC_DIABLO_0055.wav,13
PD_BARBAS_0047.wav,19
HC_TOMAS_0081.wav,6
PD_E1_0020.wav,19
HC_E1_0122.wav,33
HC_ESPONTANEA_0136.wav,385
PD_PIDIO_0015.wav,17
PD_ACAMPADA_0070.wav,10
HC_SOMBRA_0074.wav,22
PD_ACAMPADA_0014.wav,4
HC_PAN_VINO_0133.wav,10
PD_BURRO_0079.wav,9
PD_DIABLO_0077.wav,14
HC_PERRO_0060.wav,9
HC_O2_0074.wav,20
PD_CARMEN_0037.wav,5
HC_PATATA_BLANDA_0129.wav,11
HC_U2_0120.wav,22
HC_BARBAS_0036.wav,21
HC_CARMEN_0086.wav,7
PD_A2_0013.wav,13
HC_PATATA_BLANDA_0073.wav,13
PD_BURRO_0039.wav,7
HC_U1_0144.wav,21
HC_I2_0081.wav,20
HC_O1_0143.wav,19
HC_PAN_VINO_0075.wav,10
PD_O1_0066.wav,24
PD_ABLANDADA_0031.wav,11
HC_PATATA_BLANDA_0081.wav,10
PD_O2_0113.wav,25
PD_O2_0109.wav,11
HC_PAN_VINO_0036.wav,8
HC_O2_0086.wav,21
HC_MANGA_0145.wav,9
PD_PATATA_BLANDA_0058.wav,11
HC_I2_0086.wav,23
HC_I1_0140.wav,24
HC_PATATA_BLANDA_0144.wav,9
PD_PETACA_BLANCA_0033.wav,6
PD_PAN_VINO_0021.wav,4
PD_O3_0033.wav,18
HC_U2_0136.wav,15
PD_O2_0041.wav,21
PD_ACAMPADA_0011.wav,5
HC_PERRO_0118.wav,7
PD_A1_0117.wav,14
PD_ESPONTANEA_0058.wav,80
HC_A1_0140.wav,16
HC_ABLANDADA_0112.wav,9
HC_E1_0135.wav,11
HC_O1_0140.wav,21
HC_PIDIO_0080.wav,13
PD_PERRO_0007.wav,7
PD_BURRO_0038.wav,13
PD_PETACA_BLANCA_0015.wav,9
HC_MANGA_0128.wav,8
PD_E2_0029.wav,18
PD_PAN_VINO_0033.wav,6
PD_PERRO_0019.wav,7
HC_BARBAS_0087.wav,17
HC_I2_0083.wav,21
PD_O3_0004.wav,18
PD_BARBAS_0023.wav,38
HC_E2_0065.wav,16
PD_ESPONTANEA_0047.wav,123
PD_SOMBRA_0066.wav,15
HC_U1_0132.wav,10
PD_PERRO_0017.wav,7
HC_ABLANDADA_0045.wav,11
PD_ACAMPADA_0018.wav,12
PD_PERRO_0020.wav,4
PD_CALLE_0019.wav,15
HC_O1_0076.wav,18
HC_PAN_VINO_0085.wav,11
HC_BURRO_0055.wav,7
HC_PERRO_0143.wav,7
HC_O2_0056.wav,19
HC_PATAKA_0132.wav,85
PD_E1_0047.wav,19
PD_A1_0035.wav,25
PD_I1_0058.wav,19
PD_O3_0013.wav,15
HC_MANGA_0055.wav,5
PD_ACAMPADA_0030.wav,6
HC_E2_0133.wav,13
HC_PIDIO_0075.wav,16
PD_O2_0026.wav,19
HC_BARBAS_0064.wav,21
HC_PATAKA_0116.wav,37
PD_PIDIO_0111.wav,20
PD_MANGA_0004.wav,6
HC_TOMAS_0072.wav,8
PD_MANGA_0008.wav,9
HC_GANGA_0080.wav,6
HC_DIABLO_0086.wav,16
HC_ESPONTANEA_0105.wav,143
HC_CARMEN_0121.wav,8
HC_BURRO_0105.wav,10
HC_BARBAS_0065.wav,29
HC_BURRO_0134.wav,9
HC_GANGA_0129.wav,8
HC_ESPONTANEA_0133.wav,229
HC_PATATA_BLANDA_0048.wav,7
PD_U1_0021.wav,18
PD_ABLANDADA_0025.wav,12
PD_I1_0022.wav,18
PD_O2_0019.wav,19
HC_TOMAS_0120.wav,5
HC_CARMEN_0134.wav,7
HC_E2_0076.wav,17
HC_CALLE_0121.wav,14
HC_E2_0045.wav,19
PD_PIDIO_0007.wav,14
HC_PIDIO_0137.wav,17
HC_I1_0131.wav,26
HC_I1_0145.wav,15
PD_PETACA_BLANCA_0078.wav,11
PD_DIABLO_0070.wav,15
PD_ACAMPADA_0020.wav,6
PD_O2_0037.wav,15
PD_I3_0022.wav,18
HC_PERRO_0080.wav,9
HC_ACAMPADA_0140.wav,11
PD_I1_0018.wav,18
PD_O1_0115.wav,16
HC_ABLANDADA_0143.wav,11
PD_A1_0019.wav,19
HC_BARBAS_0055.wav,13
HC_A1_0136.wav,39
PD_PATAKA_0113.wav,59
PD_CALLE_0028.wav,12
HC_A1_0137.wav,31
HC_PATAKA_0049.wav,103
PD_A3_0011.wav,18
HC_A2_0135.wav,9
HC_PIDIO_0036.wav,14
HC_I2_0053.wav,20
PD_ACAMPADA_0012.wav,9
PD_E1_0012.wav,16
HC_PAN_VINO_0134.wav,9
HC_ABLANDADA_0063.wav,11
PD_O1_0038.wav,23
HC_BURRO_0138.wav,8
HC_CALLE_0143.wav,18
HC_GANGA_0065.wav,9
PD_PATAKA_0037.wav,20
PD_PERRO_0008.wav,10
HC_PATAKA_0112.wav,74
PD_TOMAS_0066.wav,7
PD_I1_0007.wav,12
HC_I2_0121.wav,25
PD_GANGA_0066.wav,9
HC_I1_0130.wav,35
PD_I1_0028.wav,14
HC_E2_0072.wav,20
PD_U1_0020.wav,11
PD_O3_0017.wav,18
HC_PAN_VINO_0062.wav,11
HC_GANGA_0053.wav,7
PD_MANGA_0037.wav,4
HC_BURRO_0056.wav,9
PD_E2_0044.wav,18
PD_PETACA_BLANCA_0012.wav,11
HC_I2_0054.wav,22
HC_ABLANDADA_0133.wav,13
HC_GANGA_0135.wav,7
HC_PETACA_BLANCA_0054.wav,8
PD_A1_0012.wav,17
PD_CARMEN_0006.wav,7
HC_PETACA_BLANCA_0118.wav,10
PD_O1_0027.wav,19
PD_BURRO_0078.wav,13
HC_A1_0082.wav,16
HC_E1_0133.wav,35
PD_MANGA_0023.wav,5
HC_A1_0122.wav,30
HC_BARBAS_0118.wav,21
PD_PATAKA_0038.wav,90
HC_MANGA_0133.wav,6
PD_SOMBRA_0018.wav,18
HC_CALLE_0136.wav,13
PD_O1_0021.wav,19
HC_BARBAS_0048.wav,16
HC_A2_0137.wav,20
PD_ACAMPADA_0077.wav,8
HC_PERRO_0049.wav,8
PD_TOMAS_0013.wav,7
HC_U1_0034.wav,30
PD_A2_0058.wav,17
HC_E2_0144.wav,14
HC_DIABLO_0136.wav,16
PD_I1_0070.wav,19
HC_A2_0120.wav,24
HC_PATAKA_0122.wav,40
HC_DIABLO_0062.wav,17
HC_ACAMPADA_0129.wav,8
HC_BURRO_0081.wav,11
PD_PETACA_BLANCA_0013.wav,9
PD_ESPONTANEA_0078.wav,129
PD_MANGA_0039.wav,6
PD_PIDIO_0020.wav,13
HC_PETACA_BLANCA_0056.wav,9
PD_ESPONTANEA_0041.wav,171
HC_DIABLO_0129.wav,17
PD_A3_0109.wav,8
PD_BURRO_0109.wav,9
PD_BARBAS_0019.wav,18
PD_ESPONTANEA_0040.wav,305
HC_DIABLO_0034.wav,16
HC_PATAKA_0128.wav,131
PD_SOMBRA_0040.wav,15
HC_PATATA_BLANDA_0063.wav,8
HC_GANGA_0072.wav,9
HC_ABLANDADA_0082.wav,0
PD_PAN_VINO_0039.wav,6
PD_BURRO_0077.wav,9
PD_I2_0037.wav,23
PD_E1_0021.wav,11
PD_PIDIO_0011.wav,14
PD_ABLANDADA_0078.wav,12
HC_I1_0080.wav,18
HC_DIABLO_0082.wav,16
PD_ABLANDADA_0013.wav,12
HC_PATAKA_0060.wav,75
PD_ACAMPADA_0004.wav,6
HC_U1_0045.wav,19
PD_PAN_VINO_0041.wav,12
PD_I2_0027.wav,19
PD_ACAMPADA_0079.wav,8
PD_PERRO_0117.wav,9
PD_ESPONTANEA_0046.wav,192
HC_PATAKA_0085.wav,54
PD_MANGA_0038.wav,6
HC_ACAMPADA_0105.wav,10
PD_A2_0066.wav,23
HC_CALLE_0132.wav,18
HC_U1_0074.wav,20
PD_CALLE_0022.wav,15
PD_U1_0035.wav,19
HC_ACAMPADA_0121.wav,9
PD_SOMBRA_0016.wav,17
HC_PETACA_BLANCA_0133.wav,11
HC_CALLE_0049.wav,15
HC_A2_0086.wav,18
PD_A2_0008.wav,16
HC_O1_0080.wav,20
HC_U1_0141.wav,15
PD_PATAKA_0040.wav,37
HC_SOMBRA_0052.wav,16
HC_A1_0087.wav,11
HC_TOMAS_0060.wav,6
PD_E2_0040.wav,15
PD_O2_0043.wav,19
PD_DIABLO_0067.wav,3
PD_BURRO_0029.wav,11
PD_E1_0015.wav,20
PD_CARMEN_0113.wav,7
PD_O1_0031.wav,17
PD_ABLANDADA_0067.wav,13
PD_SOMBRA_0017.wav,14
PD_GANGA_0031.wav,10
HC_PIDIO_0120.wav,11
PD_CALLE_0070.wav,10
HC_SOMBRA_0133.wav,16
HC_O2_0137.wav,22
HC_PAN_VINO_0074.wav,10
PD_BURRO_0031.wav,10
HC_O1_0081.wav,19
PD_TOMAS_0004.wav,6
HC_ESPONTANEA_0048.wav,296
HC_SOMBRA_0142.wav,15
HC_PATATA_BLANDA_0132.wav,13
PD_TOMAS_0033.wav,5
HC_O1_0132.wav,8
HC_BURRO_0120.wav,8
PD_A1_0015.wav,17
HC_PATATA_BLANDA_0056.wav,10
HC_PATAKA_0065.wav,54
PD_MANGA_0078.wav,7
PD_ABLANDADA_0006.wav,8
PD_PERRO_0077.wav,8
HC_BARBAS_0072.wav,22
PD_A3_0017.wav,18
PD_A2_0028.wav,16
PD_GANGA_0040.wav,9
PD_E1_0077.wav,20
HC_I1_0136.wav,44
PD_O3_0027.wav,19
PD_E1_0028.wav,17
PD_GANGA_0047.wav,8
HC_O1_0105.wav,18
HC_O1_0135.wav,16
HC_O2_0122.wav,28
PD_O2_0009.wav,18
PD_CARMEN_0021.wav,6
PD_E1_0037.wav,16
HC_BARBAS_0131.wav,28
PD_E3_0019.wav,17
HC_PATATA_BLANDA_0118.wav,11
HC_I3_0034.wav,30
PD_SOMBRA_0015.wav,17
PD_PATATA_BLANDA_0038.wav,9
HC_PETACA_BLANCA_0129.wav,11
HC_A1_0071.wav,20
HC_O1_0087.wav,19
HC_PETACA_BLANCA_0080.wav,7
HC_DIABLO_0087.wav,14
HC_PIDIO_0141.wav,11
HC_ACAMPADA_0064.wav,9
PD_ACAMPADA_0022.wav,10
HC_PERRO_0133.wav,9
PD_SOMBRA_0004.wav,8
HC_BARBAS_0143.wav,19
HC_PERRO_0062.wav,7
PD_BURRO_0007.wav,10
HC_PAN_VINO_0063.wav,7
PD_U1_0041.wav,21
HC_BURRO_0130.wav,9
HC_PERRO_0122.wav,12
PD_A3_0023.wav,15
HC_U1_0062.wav,24
PD_CALLE_0026.wav,15
HC_CALLE_0086.wav,17
PD_BURRO_0028.wav,8
PD_PATATA_BLANDA_0046.wav,7
HC_I1_0074.wav,20
PD_A2_0020.wav,19
HC_ABLANDADA_0138.wav,12
HC_GANGA_0045.wav,8
PD_GANGA_0038.wav,8
PD_CARMEN_0043.wav,5
HC_BURRO_0076.wav,9
PD_A2_0115.wav,12
HC_MANGA_0142.wav,8
PD_ACAMPADA_0041.wav,10
PD_A3_0019.wav,19
PD_GANGA_0004.wav,6
PD_U2_0111.wav,21
PD_TOMAS_0012.wav,6
HC_U2_0142.wav,15
HC_ABLANDADA_0053.wav,14
PD_CALLE_0009.wav,13
PD_CARMEN_0040.wav,8
HC_TOMAS_0056.wav,6
PD_ABLANDADA_0047.wav,10
HC_ESPONTANEA_0063.wav,238
PD_I2_0044.wav,20
PD_ACAMPADA_0040.wav,8
PD_CARMEN_0008.wav,7
PD_MANGA_0017.wav,6
HC_PAN_VINO_0082.wav,8
HC_U1_0053.wav,23
HC_MANGA_0080.wav,4
PD_TOMAS_0040.wav,6
HC_PIDIO_0140.wav,14
HC_ABLANDADA_0060.wav,13
HC_O1_0048.wav,24
HC_O2_0051.wav,27
HC_CARMEN_0055.wav,6
PD_MANGA_0028.wav,6
HC_MANGA_0075.wav,8
HC_PETACA_BLANCA_0145.wav,13
PD_A1_0040.wav,15
PD_PETACA_BLANCA_0115.wav,10
HC_PATAKA_0140.wav,57
HC_U2_0141.wav,5
HC_PETACA_BLANCA_0083.wav,10
PD_GANGA_0026.wav,5
HC_CALLE_0051.wav,13
PD_A2_0041.wav,18
PD_PATATA_BLANDA_0066.wav,13
PD_MANGA_0040.wav,5
PD_I2_0117.wav,13
PD_DIABLO_0027.wav,11
HC_BURRO_0053.wav,10
HC_DIABLO_0065.wav,5
HC_I1_0072.wav,20
PD_DIABLO_0010.wav,17
HC_CARMEN_0136.wav,7
HC_MANGA_0086.wav,7
HC_PIDIO_0122.wav,17
HC_PAN_VINO_0048.wav,4
PD_A1_0014.wav,17
PD_PERRO_0078.wav,8
PD_GANGA_0015.wav,7
HC_ACAMPADA_0071.wav,12
PD_PAN_VINO_0077.wav,6
HC_I2_0137.wav,23
HC_U1_0142.wav,33
PD_A3_0004.wav,15
HC_U1_0063.wav,28
HC_I1_0053.wav,26
PD_A1_0109.wav,12
HC_GANGA_0081.wav,7
HC_DIABLO_0045.wav,17
PD_E2_0008.wav,21
PD_ACAMPADA_0025.wav,8
PD_O1_0006.wav,19
HC_CARMEN_0122.wav,8
PD_MANGA_0035.wav,6
PD_O2_0020.wav,19
HC_BARBAS_0116.wav,22
HC_U2_0140.wav,7
PD_PATAKA_0024.wav,43
HC_CALLE_0138.wav,12
PD_PATAKA_0067.wav,65
PD_BURRO_0044.wav,7
HC_PIDIO_0121.wav,14
PD_O3_0025.wav,17
PD_PETACA_BLANCA_0042.wav,12
HC_TOMAS_0048.wav,5
HC_I2_0118.wav,17
HC_CALLE_0056.wav,4
PD_PATAKA_0111.wav,94
HC_I1_0071.wav,20
HC_GANGA_0140.wav,11
PD_PIDIO_0032.wav,11
PD_SOMBRA_0024.wav,16
HC_A2_0112.wav,21
PD_MANGA_0007.wav,6
PD_PIDIO_0019.wav,14
PD_PATATA_BLANDA_0111.wav,15
HC_O2_0034.wav,33
PD_I1_0077.wav,21
HC_TOMAS_0129.wav,8
PD_ESPONTANEA_0038.wav,228
PD_PATAKA_0009.wav,30
HC_I2_0076.wav,17
PD_E2_0022.wav,17
HC_PATATA_BLANDA_0082.wav,14
PD_A1_0021.wav,13
HC_ESPONTANEA_0045.wav,64
PD_PATAKA_0013.wav,70
PD_PERRO_0029.wav,8
PD_PATATA_BLANDA_0039.wav,8
PD_CALLE_0014.wav,10
HC_ESPONTANEA_0142.wav,223
PD_SOMBRA_0078.wav,15
PD_I1_0035.wav,27
PD_CARMEN_0022.wav,8
HC_BURRO_0049.wav,8
HC_MANGA_0082.wav,7
PD_A1_0043.wav,15
HC_PATATA_BLANDA_0034.wav,10
PD_ABLANDADA_0029.wav,13
HC_E2_0080.wav,19
HC_TOMAS_0053.wav,7
PD_O2_0066.wav,23
PD_GANGA_0009.wav,7
HC_U1_0075.wav,20
PD_BARBAS_0037.wav,20
PD_TOMAS_0031.wav,5
PD_ABLANDADA_0046.wav,8
PD_E1_0023.wav,26
PD_MANGA_0021.wav,6
HC_O1_0082.wav,16
PD_PIDIO_0012.wav,17
HC_U1_0048.wav,24
PD_SOMBRA_0025.wav,16
HC_PERRO_0128.wav,11
PD_TOMAS_0058.wav,6
HC_TOMAS_0052.wav,6
PD_TOMAS_0117.wav,8
HC_E1_0121.wav,21
PD_CARMEN_0035.wav,6
HC_U1_0130.wav,52
PD_E2_0011.wav,19
PD_GANGA_0028.wav,6
PD_I1_0117.wav,8
PD_BURRO_0115.wav,9
HC_E1_0139.wav,21
HC_PATATA_BLANDA_0072.wav,13
HC_A1_0072.wav,17
HC_DIABLO_0073.wav,18
PD_E3_0023.wav,17
HC_CALLE_0116.wav,12
HC_PATAKA_0056.wav,48
PD_BURRO_0021.wav,7
HC_PATATA_BLANDA_0055.wav,8
PD_PATAKA_0019.wav,48
HC_ESPONTANEA_0144.wav,190
PD_MANGA_0010.wav,7
HC_CALLE_0128.wav,17
PD_ACAMPADA_0046.wav,6
HC_I1_0075.wav,20
PD_PERRO_0013.wav,8
HC_PIDIO_0131.wav,16
PD_PIDIO_0046.wav,13
HC_E2_0054.wav,23
PD_O1_0046.wav,18
PD_CARMEN_0010.wav,7
HC_I1_0048.wav,24
PD_I1_0008.wav,22
PD_TOMAS_0041.wav,10
HC_E2_0132.wav,7
PD_A1_0047.wav,14
HC_ACAMPADA_0076.wav,9
PD_I2_0018.wav,19
PD_DIABLO_0044.wav,13
HC_PERRO_0073.wav,16
PD_E1_0035.wav,27
PD_GANGA_0046.wav,7
HC_TOMAS_0141.wav,5
HC_ABLANDADA_0034.wav,9
HC_CARMEN_0063.wav,7
PD_ESPONTANEA_0113.wav,254
PD_I3_0011.wav,23
PD_O2_0014.wav,22
HC_MANGA_0072.wav,8
HC_O2_0128.wav,25
HC_E2_0036.wav,34
HC_PAN_VINO_0130.wav,9
PD_O1_0015.wav,25
PD_SOMBRA_0012.wav,15
HC_DIABLO_0074.wav,20
HC_SOMBRA_0131.wav,18
HC_GANGA_0116.wav,11
PD_E3_0032.wav,18
HC_SOMBRA_0137.wav,17
HC_E2_0074.wav,26
HC_PATATA_BLANDA_0062.wav,10
PD_PATATA_BLANDA_0025.wav,10
HC_ACAMPADA_0120.wav,9
PD_A3_0016.wav,9
HC_I1_0133.wav,36
PD_I1_0111.wav,20
PD_O2_0078.wav,16
PD_I1_0023.wav,27
HC_MANGA_0143.wav,7
HC_PATAKA_0120.wav,99
PD_ESPONTANEA_0042.wav,233
PD_BARBAS_0026.wav,44
PD_CALLE_0078.wav,13
PD_CARMEN_0004.wav,11
PD_GANGA_0113.wav,10
HC_PAN_VINO_0072.wav,9
PD_PAN_VINO_0019.wav,8
HC_E1_0128.wav,38
PD_PATATA_BLANDA_0115.wav,10
HC_A1_0120.wav,18
HC_GANGA_0073.wav,10
HC_MANGA_0121.wav,7
HC_BURRO_0048.wav,7
HC_O1_0131.wav,13
PD_TOMAS_0113.wav,5
HC_ACAMPADA_0086.wav,11
HC_I1_0081.wav,17
PD_O2_0006.wav,21
HC_PIDIO_0105.wav,15
PD_PATATA_BLANDA_0041.wav,12
PD_PATATA_BLANDA_0079.wav,9
PD_ESPONTANEA_0109.wav,181
HC_PERRO_0087.wav,9
PD_I3_0020.wav,17
HC_E2_0131.wav,22
PD_GANGA_0013.wav,8
PD_E3_0033.wav,18
HC_BURRO_0122.wav,12
HC_PAN_VINO_0034.wav,9
PD_I2_0028.wav,17
HC_A1_0061.wav,20
HC_MANGA_0122.wav,9
HC_MANGA_0085.wav,10
PD_E1_0042.wav,32
PD_BARBAS_0008.wav,20
HC_O2_0138.wav,9
HC_BURRO_0045.wav,10
PD_PIDIO_0018.wav,16
PD_SOMBRA_0010.wav,15
PD_PAN_VINO_0022.wav,9
HC_GANGA_0136.wav,8
HC_ESPONTANEA_0049.wav,245
PD_CALLE_0011.wav,13
HC_ACAMPADA_0141.wav,8
PD_PAN_VINO_0029.wav,9
PD_BARBAS_0017.wav,17
PD_TOMAS_0046.wav,5
PD_U1_0022.wav,17
PD_PAN_VINO_0067.wav,7
HC_PERRO_0116.wav,11
PD_TOMAS_0014.wav,4
PD_I1_0067.wav,18
PD_GANGA_0017.wav,7
PD_U1_0117.wav,13
PD_I3_0030.wav,18
HC_PETACA_BLANCA_0138.wav,11
HC_PATATA_BLANDA_0137.wav,11
PD_U1_0018.wav,18
HC_A1_0052.wav,20
PD_E3_0022.wav,16
HC_O1_0054.wav,18
PD_O2_0007.wav,18
HC_PATATA_BLANDA_0074.wav,11
HC_TOMAS_0121.wav,7
PD_PATAKA_0011.wav,62
PD_U1_0043.wav,23
HC_CALLE_0133.wav,14
HC_TOMAS_0118.wav,6
HC_A2_0131.wav,12
HC_MANGA_0083.wav,8
HC_O2_0049.wav,22
PD_ABLANDADA_0019.wav,10
HC_GANGA_0138.wav,8
HC_GANGA_0128.wav,12
HC_CALLE_0062.wav,13
HC_PIDIO_0061.wav,17
HC_O1_0055.wav,18
HC_PETACA_BLANCA_0061.wav,10
PD_E2_0058.wav,16
PD_A3_0013.wav,17
PD_E1_0031.wav,17
PD_PETACA_BLANCA_0025.wav,10
PD_GANGA_0033.wav,6
HC_PETACA_BLANCA_0076.wav,11
PD_U2_0115.wav,14
HC_PATATA_BLANDA_0116.wav,13
HC_A1_0130.wav,48
HC_PATATA_BLANDA_0071.wav,12
HC_PERRO_0121.wav,10
PD_E2_0030.wav,17
HC_TOMAS_0075.wav,8
PD_DIABLO_0025.wav,17
HC_ACAMPADA_0034.wav,7
PD_E1_0018.wav,18
PD_SOMBRA_0019.wav,13
HC_BARBAS_0122.wav,20
HC_PATAKA_0052.wav,58
HC_ABLANDADA_0049.wav,14
HC_PERRO_0140.wav,8
PD_A2_0033.wav,16
HC_SOMBRA_0116.wav,13
PD_O2_0017.wav,20
HC_U2_0131.wav,12
PD_MANGA_0043.wav,5
PD_A2_0032.wav,18
PD_MANGA_0030.wav,5
HC_SOMBRA_0086.wav,15
PD_MANGA_0014.wav,5
PD_PETACA_BLANCA_0011.wav,5
HC_E2_0048.wav,23
HC_PETACA_BLANCA_0122.wav,9
PD_U1_0023.wav,19
PD_U1_0015.wav,23
PD_CARMEN_0032.wav,6
PD_A1_0006.wav,16
HC_TOMAS_0061.wav,6
PD_MANGA_0020.wav,4
PD_TOMAS_0029.wav,7
PD_PERRO_0023.wav,13
PD_ESPONTANEA_0108.wav,168
HC_ACAMPADA_0061.wav,11
PD_I1_0113.wav,23
PD_DIABLO_0117.wav,14
PD_ACAMPADA_0023.wav,6
PD_ACAMPADA_0010.wav,8
PD_GANGA_0010.wav,7
PD_PETACA_BLANCA_0021.wav,10
HC_A2_0071.wav,20
HC_E2_0061.wav,22
PD_CALLE_0046.wav,11
PD_I1_0066.wav,14
PD_PETACA_BLANCA_0037.wav,11
PD_BURRO_0015.wav,12
PD_A1_0009.wav,11
HC_DIABLO_0143.wav,14
HC_PATATA_BLANDA_0036.wav,11
HC_TOMAS_0034.wav,5
PD_PAN_VINO_0038.wav,10
HC_PAN_VINO_0138.wav,8
PD_PETACA_BLANCA_0070.wav,9
PD_E2_0004.wav,15
PD_CALLE_0077.wav,14
HC_O2_0129.wav,18
HC_GANGA_0130.wav,7
PD_PAN_VINO_0016.wav,7
HC_ESPONTANEA_0134.wav,244
PD_ABLANDADA_0015.wav,12
PD_A1_0024.wav,17
HC_E1_0140.wav,25
HC_I2_0131.wav,12
HC_O2_0076.wav,17
PD_E2_0035.wav,26
PD_PETACA_BLANCA_0117.wav,7
HC_BARBAS_0121.wav,21
PD_I1_0024.wav,18
PD_CALLE_0044.wav,18
PD_E2_0007.wav,13
PD_BARBAS_0066.wav,17
PD_ABLANDADA_0020.wav,11
HC_ABLANDADA_0122.wav,15
HC_BARBAS_0073.wav,25
PD_ACAMPADA_0007.wav,9
PD_BARBAS_0033.wav,17
HC_TOMAS_0080.wav,5
PD_O1_0041.wav,21
HC_PATATA_BLANDA_0064.wav,11
PD_A1_0111.wav,15
PD_E3_0021.wav,10
HC_GANGA_0060.wav,9
HC_SOMBRA_0048.wav,12
PD_CALLE_0035.wav,12
HC_A1_0036.wav,22
HC_I1_0063.wav,23
HC_CARMEN_0065.wav,6
HC_BURRO_0121.wav,9
HC_I1_0116.wav,19
HC_PETACA_BLANCA_0048.wav,8
PD_PIDIO_0026.wav,17
HC_U2_0134.wav,9
PD_BURRO_0010.wav,8
HC_PETACA_BLANCA_0071.wav,10
PD_CALLE_0115.wav,12
PD_E2_0070.wav,15
HC_PATATA_BLANDA_0049.wav,10
PD_PIDIO_0070.wav,14
HC_BARBAS_0085.wav,26
PD_BARBAS_0067.wav,21
PD_E2_0037.wav,21
HC_A1_0073.wav,17
PD_I1_0039.wav,18
HC_ABLANDADA_0136.wav,13
HC_DIABLO_0056.wav,14
PD_PERRO_0047.wav,7
PD_O3_0029.wav,17
PD_TOMAS_0015.wav,8
HC_DIABLO_0122.wav,18
HC_BARBAS_0071.wav,33
HC_O2_0065.wav,16
PD_ABLANDADA_0011.wav,6
HC_O1_0074.wav,19
PD_PIDIO_0004.wav,10
HC_O2_0142.wav,13
PD_ABLANDADA_0027.wav,10
PD_E3_0020.wav,17
HC_MANGA_0064.wav,6
PD_PETACA_BLANCA_0039.wav,7
PD_A2_0040.wav,12
HC_E2_0053.wav,18
PD_DIABLO_0015.wav,22
HC_BARBAS_0132.wav,21
HC_GANGA_0056.wav,8
PD_A1_0115.wav,16
PD_I2_0039.wav,20
HC_E1_0116.wav,16
HC_GANGA_0062.wav,5
PD_CARMEN_0070.wav,6
PD_CALLE_0040.wav,15
HC_PERRO_0120.wav,7
PD_MANGA_0047.wav,7
PD_ABLANDADA_0032.wav,10
HC_MANGA_0073.wav,8
PD_A1_0010.wav,18
PD_E1_0079.wav,17
PD_O2_0047.wav,18
HC_TOMAS_0122.wav,9
HC_I2_0136.wav,17
PD_I2_0113.wav,22
HC_I2_0105.wav,20
PD_A2_0077.wav,18
HC_E1_0131.wav,19
HC_BARBAS_0074.wav,28
PD_CARMEN_0017.wav,6
HC_I1_0045.wav,20
PD_PETACA_BLANCA_0043.wav,7
PD_BARBAS_0014.wav,20
PD_O2_0015.wav,28
HC_GANGA_0086.wav,10
PD_PATATA_BLANDA_0031.wav,12
HC_ABLANDADA_0121.wav,14
HC_PERRO_0132.wav,12
HC_CALLE_0085.wav,16
PD_O2_0021.wav,19
HC_PIDIO_0145.wav,17
HC_E2_0112.wav,26
HC_DIABLO_0135.wav,15
HC_E2_0075.wav,22
PD_E2_0043.wav,26
HC_I2_0129.wav,25
HC_CALLE_0083.wav,2
PD_BURRO_0024.wav,6
PD_TOMAS_0047.wav,6
HC_TOMAS_0134.wav,8
PD_I1_0037.wav,19
PD_E1_0067.wav,20
HC_I2_0052.wav,31
HC_A2_0063.wav,15
PD_GANGA_0077.wav,7
HC_CARMEN_0034.wav,9
HC_PETACA_BLANCA_0081.wav,10
PD_E2_0010.wav,20
HC_ESPONTANEA_0143.wav,323
HC_PIDIO_0087.wav,16
PD_A1_0078.wav,15
PD_ESPONTANEA_0111.wav,143
PD_ACAMPADA_0078.wav,9
PD_A2_0007.wav,17
PD_A1_0038.wav,22
HC_BARBAS_0081.wav,15
PD_PAN_VINO_0044.wav,8
HC_ACAMPADA_0053.wav,10
PD_PIDIO_0043.wav,15
HC_A2_0121.wav,21
HC_PETACA_BLANCA_0105.wav,12
PD_ACAMPADA_0113.wav,9
PD_PIDIO_0067.wav,6
HC_ESPONTANEA_0053.wav,119
HC_I1_0143.wav,31
PD_A2_0043.wav,25
PD_BURRO_0117.wav,10
HC_ACAMPADA_0139.wav,10
HC_PAN_VINO_0086.wav,7
HC_MANGA_0087.wav,8
PD_E2_0009.wav,19
HC_ABLANDADA_0051.wav,11
PD_TOMAS_0044.wav,6
HC_PATAKA_0061.wav,55
HC_PETACA_BLANCA_0051.wav,9
PD_SOMBRA_0077.wav,13
HC_ACAMPADA_0136.wav,9
HC_U1_0135.wav,18
HC_PETACA_BLANCA_0137.wav,11
HC_TOMAS_0071.wav,3
PD_ABLANDADA_0079.wav,10
HC_O1_0130.wav,49
HC_SOMBRA_0051.wav,16
PD_E2_0067.wav,16
PD_SOMBRA_0046.wav,12
HC_DIABLO_0054.wav,15
PD_PAN_VINO_0040.wav,11
HC_CARMEN_0135.wav,7
HC_PATAKA_0054.wav,48
PD_I3_0031.wav,17
PD_I1_0011.wav,19
PD_BARBAS_0041.wav,28
HC_A1_0128.wav,31
PD_CARMEN_0016.wav,7
HC_ACAMPADA_0128.wav,12
PD_A3_0012.wav,21
HC_PATATA_BLANDA_0080.wav,9
PD_PATATA_BLANDA_0028.wav,8
HC_O2_0075.wav,20
PD_GANGA_0109.wav,12
HC_ABLANDADA_0132.wav,15
HC_DIABLO_0118.wav,20
PD_CARMEN_0067.wav,7
PD_SOMBRA_0067.wav,13
PD_PATATA_BLANDA_0078.wav,12
PD_O2_0027.wav,19
PD_GANGA_0117.wav,8
HC_A1_0081.wav,15
HC_PIDIO_0112.wav,14
PD_E3_0026.wav,17
PD_E3_0017.wav,20
PD_BARBAS_0030.wav,16
HC_A2_0118.wav,22
HC_U2_0105.wav,19
PD_ABLANDADA_0016.wav,12
HC_A1_0045.wav,16
PD_I1_0013.wav,17
HC_PETACA_BLANCA_0074.wav,9
HC_BARBAS_0120.wav,18
HC_A1_0116.wav,16
PD_ACAMPADA_0038.wav,9
HC_BURRO_0143.wav,8
HC_PETACA_BLANCA_0086.wav,10
PD_E2_0014.wav,6
HC_CARMEN_0129.wav,7
PD_BARBAS_0079.wav,20
PD_O3_0023.wav,18
HC_PETACA_BLANCA_0135.wav,10
PD_DIABLO_0023.wav,12
HC_BARBAS_0136.wav,19
PD_PAN_VINO_0017.wav,6
HC_TOMAS_0116.wav,6
PD_CALLE_0067.wav,21
HC_A2_0051.wav,21
PD_I3_0021.wav,17
HC_A2_0142.wav,12
HC_PETACA_BLANCA_0116.wav,9
HC_PETACA_BLANCA_0136.wav,10
HC_PERRO_0131.wav,11
PD_MANGA_0077.wav,6
HC_I1_0122.wav,28
PD_A3_0030.wav,15
HC_PATAKA_0051.wav,49
HC_SOMBRA_0132.wav,17
PD_SOMBRA_0009.wav,13
PD_BURRO_0030.wav,9
HC_TOMAS_0145.wav,8
PD_CARMEN_0115.wav,8
HC_MANGA_0074.wav,6
HC_E1_0130.wav,41
HC_U1_0082.wav,18
PD_PIDIO_0025.wav,15
HC_GANGA_0074.wav,7
HC_ACAMPADA_0145.wav,12
PD_E2_0033.wav,18
HC_PAN_VINO_0143.wav,7
HC_PIDIO_0132.wav,18
HC_PERRO_0083.wav,10
HC_SOMBRA_0034.wav,16
HC_I2_0132.wav,7
PD_E1_0040.wav,17
PD_BARBAS_0039.wav,14
HC_A2_0133.wav,10
PD_PETACA_BLANCA_0030.wav,7
HC_I2_0138.wav,10
PD_U1_0012.wav,19
HC_DIABLO_0080.wav,2
HC_DIABLO_0116.wav,18
HC_PATAKA_0138.wav,49
PD_GANGA_0078.wav,8
PD_ACAMPADA_0044.wav,9
HC_U1_0129.wav,29
HC_SOMBRA_0075.wav,18
PD_DIABLO_0013.wav,12
PD_E1_0044.wav,20
HC_MANGA_0118.wav,6
PD_O1_0058.wav,17
HC_O2_0118.wav,19
PD_PATATA_BLANDA_0006.wav,9
HC_O2_0080.wav,17
HC_PATAKA_0142.wav,90
PD_E1_0016.wav,15
PD_BURRO_0032.wav,8
HC_BURRO_0075.wav,11
PD_BURRO_0008.wav,10
HC_GANGA_0118.wav,8
PD_U1_0011.wav,21
HC_MANGA_0054.wav,5
HC_SOMBRA_0144.wav,15
PD_BURRO_0067.wav,9
PD_PAN_VINO_0079.wav,11
PD_DIABLO_0109.wav,13
HC_MANGA_0060.wav,7
HC_E2_0071.wav,20
HC_ESPONTANEA_0073.wav,67
PD_ABLANDADA_0035.wav,8
HC_PIDIO_0064.wav,12
PD_BARBAS_0016.wav,23
HC_U1_0139.wav,25
PD_SOMBRA_0014.wav,10
PD_CALLE_0117.wav,10
PD_PATATA_BLANDA_0027.wav,8
PD_E3_0015.wav,21
PD_CARMEN_0015.wav,8
HC_DIABLO_0121.wav,21
HC_A2_0122.wav,29
PD_A1_0025.wav,14
PD_PETACA_BLANCA_0028.wav,8
HC_DIABLO_0131.wav,19
HC_O1_0064.wav,17
HC_DIABLO_0145.wav,21
HC_GANGA_0085.wav,13
PD_O3_0007.wav,17
HC_ABLANDADA_0129.wav,15
HC_I2_0116.wav,18
PD_PIDIO_0042.wav,17
HC_ESPONTANEA_0076.wav,131
PD_I1_0027.wav,19
HC_ACAMPADA_0133.wav,9
PD_BURRO_0017.wav,9
PD_MANGA_0012.wav,7
PD_CARMEN_0033.wav,5
PD_GANGA_0019.wav,8
HC_O1_0053.wav,27
HC_PAN_VINO_0142.wav,10
PD_CARMEN_0025.wav,8
HC_U1_0112.wav,29
HC_ABLANDADA_0144.wav,20
PD_CALLE_0025.wav,14
HC_DIABLO_0133.wav,16
HC_DIABLO_0140.wav,17
HC_TOMAS_0074.wav,7
HC_BARBAS_0051.wav,19
HC_U2_0132.wav,9
PD_CALLE_0109.wav,13
PD_PATAKA_0032.wav,33
PD_MANGA_0022.wav,6
HC_SOMBRA_0145.wav,18
HC_PATAKA_0141.wav,54
PD_SOMBRA_0043.wav,17
PD_I1_0006.wav,18
HC_SOMBRA_0122.wav,18
HC_PATAKA_0145.wav,59
PD_I2_0070.wav,16
HC_ESPONTANEA_0132.wav,399
PD_I2_0011.wav,20
PD_A3_0032.wav,15
HC_PERRO_0129.wav,8
PD_A3_0022.wav,15
HC_PATAKA_0071.wav,25
HC_ABLANDADA_0073.wav,15
PD_CARMEN_0018.wav,8
HC_U1_0065.wav,18
HC_I1_0142.wav,34
HC_SOMBRA_0118.wav,16
HC_U1_0121.wav,26
PD_GANGA_0111.wav,4
HC_DIABLO_0120.wav,15
PD_CALLE_0037.wav,18
PD_I1_0015.wav,23
PD_U1_0066.wav,25
PD_U1_0038.wav,25
HC_BURRO_0080.wav,8
HC_A1_0121.wav,23
HC_ACAMPADA_0112.wav,5
HC_PATATA_BLANDA_0054.wav,8
HC_DIABLO_0036.wav,15
PD_PAN_VINO_0043.wav,6
HC_MANGA_0137.wav,7
HC_PATAKA_0034.wav,102
HC_BARBAS_0034.wav,21
HC_PATATA_BLANDA_0061.wav,10
PD_O2_0033.wav,19
HC_PATAKA_0134.wav,88
HC_PERRO_0052.wav,8
PD_A2_0019.wav,18
PD_PAN_VINO_0109.wav,8
HC_PIDIO_0135.wav,13
HC_PIDIO_0134.wav,14
HC_GANGA_0051.wav,8
HC_ACAMPADA_0048.wav,7
PD_U1_0044.wav,20
PD_A1_0008.wav,22
PD_O3_0006.wav,18
HC_E2_0118.wav,16
HC_ACAMPADA_0052.wav,8
HC_A2_0085.wav,15
PD_CARMEN_0058.wav,8
PD_PERRO_0032.wav,6
HC_PATATA_BLANDA_0105.wav,11
HC_MANGA_0144.wav,7
PD_PIDIO_0028.wav,11
HC_PAN_VINO_0073.wav,9
HC_U1_0049.wav,21
HC_A1_0118.wav,17
HC_A1_0060.wav,20
PD_PAN_VINO_0042.wav,10
PD_E1_0009.wav,15
HC_CARMEN_0132.wav,8
PD_TOMAS_0021.wav,5
PD_ACAMPADA_0117.wav,10
PD_PETACA_BLANCA_0046.wav,7
PD_E1_0117.wav,16
PD_SOMBRA_0033.wav,15
PD_PATATA_BLANDA_0017.wav,9
PD_SOMBRA_0042.wav,18
HC_ABLANDADA_0140.wav,13
PD_O1_0026.wav,16
PD_O3_0022.wav,17
HC_ACAMPADA_0142.wav,12
PD_I2_0016.wav,18
PD_I2_0111.wav,18
HC_O1_0137.wav,31
PD_PETACA_BLANCA_0023.wav,5
HC_BARBAS_0045.wav,19
PD_TOMAS_0024.wav,7
PD_I2_0021.wav,17
PD_O3_0020.wav,19
PD_E1_0019.wav,17
PD_MANGA_0025.wav,8
PD_BURRO_0033.wav,7
HC_PAN_VINO_0120.wav,6
PD_E3_0029.wav,17
HC_SOMBRA_0049.wav,17
PD_PAN_VINO_0037.wav,8
HC_O2_0052.wav,29
PD_PETACA_BLANCA_0111.wav,10
PD_PAN_VINO_0113.wav,10
PD_GANGA_0022.wav,7
HC_O1_0045.wav,20
HC_PAN_VINO_0081.wav,9
HC_BURRO_0073.wav,16
PD_I1_0033.wav,18
PD_PIDIO_0009.wav,14
PD_DIABLO_0078.wav,21
PD_A2_0070.wav,15
HC_TOMAS_0144.wav,10
HC_ESPONTANEA_0129.wav,271
PD_BARBAS_0027.wav,16
HC_PATATA_BLANDA_0086.wav,9
HC_BARBAS_0082.wav,19
PD_ABLANDADA_0012.wav,13
PD_I3_0025.wav,17
PD_BARBAS_0042.wav,26
HC_PIDIO_0062.wav,15
HC_A2_0129.wav,11
PD_PATATA_BLANDA_0016.wav,10
PD_A3_0021.wav,17
HC_PIDIO_0065.wav,0
HC_PAN_VINO_0131.wav,12
PD_PAN_VINO_0031.wav,7
HC_PATATA_BLANDA_0085.wav,16
PD_PAN_VINO_0020.wav,8
HC_PATAKA_0053.wav,27
PD_ESPONTANEA_0070.wav,115
HC_O3_0105.wav,18
PD_BURRO_0070.wav,7
HC_CALLE_0060.wav,15
HC_PATAKA_0137.wav,109
HC_CALLE_0055.wav,12
PD_TOMAS_0032.wav,4
HC_DIABLO_0134.wav,16
HC_ESPONTANEA_0122.wav,293
HC_SOMBRA_0063.wav,16
PD_MANGA_0029.wav,7
PD_E1_0046.wav,20
HC_I2_0056.wav,20
PD_CARMEN_0011.wav,4
PD_PATATA_BLANDA_0023.wav,7
HC_A1_0062.wav,16
PD_BARBAS_0009.wav,20
HC_BARBAS_0129.wav,19
HC_BARBAS_0105.wav,19
HC_BURRO_0061.wav,11
PD_I3_0013.wav,16
HC_BARBAS_0063.wav,21
HC_MANGA_0062.wav,6
PD_O1_0020.wav,18
PD_A2_0016.wav,8
PD_ACAMPADA_0047.wav,8
PD_PATAKA_0008.wav,49
HC_A2_0074.wav,14
PD_GANGA_0058.wav,8
PD_PATAKA_0033.wav,106
HC_BURRO_0060.wav,10
HC_BURRO_0129.wav,9
HC_E2_0121.wav,20
PD_PAN_VINO_0014.wav,6
PD_PIDIO_0109.wav,22
HC_A2_0140.wav,8
HC_SOMBRA_0129.wav,14
HC_CALLE_0122.wav,15
HC_ABLANDADA_0130.wav,12
PD_I3_0024.wav,16
HC_A2_0045.wav,15
PD_TOMAS_0039.wav,3
HC_U2_0133.wav,14
PD_PAN_VINO_0026.wav,10
PD_A2_0027.wav,18
PD_O2_0039.wav,19
HC_PAN_VINO_0118.wav,8
PD_PIDIO_0078.wav,13
HC_A2_0080.wav,17
PD_TOMAS_0008.wav,8
HC_I1_0129.wav,22
HC_U1_0064.wav,19
HC_ACAMPADA_0065.wav,11
HC_E1_0105.wav,16
HC_ABLANDADA_0081.wav,12
HC_BARBAS_0062.wav,20
PD_A3_0018.wav,18
HC_A2_0130.wav,6
HC_A2_0052.wav,24
PD_O2_0012.wav,24
HC_BURRO_0064.wav,10
HC_CALLE_0144.wav,11
PD_I3_0014.wav,22
HC_PERRO_0048.wav,8
PD_PAN_VINO_0035.wav,7
HC_O1_0086.wav,18
PD_PATATA_BLANDA_0044.wav,12
HC_PAN_VINO_0105.wav,9
PD_E2_0032.wav,17
HC_CARMEN_0073.wav,8
PD_I1_0078.wav,19
HC_PAN_VINO_0049.wav,8
PD_PIDIO_0013.wav,13
PD_I2_0038.wav,28
HC_A3_0141.wav,16
PD_TOMAS_0010.wav,6
HC_A1_0086.wav,16
HC_I2_0049.wav,23
PD_O2_0029.wav,18
HC_MANGA_0132.wav,8
PD_DIABLO_0026.wav,25
HC_U1_0145.wav,17
PD_CARMEN_0046.wav,5
HC_U2_0121.wav,24
PD_U1_0042.wav,22
PD_DIABLO_0016.wav,21
HC_ABLANDADA_0105.wav,13
PD_I1_0032.wav,18
PD_PETACA_BLANCA_0019.wav,9
HC_O1_0121.wav,21
HC_A1_0131.wav,29
HC_PAN_VINO_0145.wav,11
PD_BURRO_0046.wav,7
HC_I1_0034.wav,27
HC_ESPONTANEA_0086.wav,218
HC_BURRO_0065.wav,9
PD_O1_0070.wav,20
PD_O2_0016.wav,14
PD_PETACA_BLANCA_0079.wav,9
PD_BURRO_0042.wav,11
HC_PIDIO_0129.wav,14
PD_I1_0009.wav,18
PD_PETACA_BLANCA_0047.wav,10
HC_SOMBRA_0065.wav,19
HC_I1_0060.wav,21
PD_MANGA_0013.wav,7
HC_O2_0053.wav,17
PD_MANGA_0111.wav,6
HC_E2_0134.wav,12
HC_PAN_VINO_0083.wav,8
HC_I1_0138.wav,21
PD_PATATA_BLANDA_0037.wav,8
PD_O2_0010.wav,20
HC_ACAMPADA_0138.wav,9
HC_PATATA_BLANDA_0120.wav,11
PD_O2_0008.wav,18
PD_PIDIO_0035.wav,16
HC_PETACA_BLANCA_0060.wav,11
HC_E2_0034.wav,29
HC_DIABLO_0141.wav,12
PD_CALLE_0032.wav,11
HC_ACAMPADA_0075.wav,11
HC_I2_0143.wav,58
HC_A2_0049.wav,20
HC_E2_0129.wav,21
PD_O2_0031.wav,18
HC_O1_0136.wav,52
PD_TOMAS_0111.wav,6
PD_E1_0030.wav,16
HC_ESPONTANEA_0055.wav,335
HC_A1_0054.wav,18
PD_I2_0077.wav,17
HC_ESPONTANEA_0054.wav,132
HC_BURRO_0085.wav,11
HC_CALLE_0141.wav,11
HC_PERRO_0085.wav,12
PD_PAN_VINO_0024.wav,6
HC_PIDIO_0128.wav,20
PD_PIDIO_0024.wav,17
HC_ESPONTANEA_0052.wav,228
PD_PIDIO_0037.wav,17
PD_TOMAS_0028.wav,6
HC_TOMAS_0055.wav,5
PD_E2_0027.wav,19
PD_DIABLO_0115.wav,15
PD_E1_0038.wav,27
PD_A1_0041.wav,16
HC_E2_0142.wav,13
HC_CALLE_0135.wav,14
PD_I3_0008.wav,22
HC_O2_0060.wav,27
PD_A2_0113.wav,21
PD_PERRO_0009.wav,8
PD_A2_0037.wav,16
PD_ACAMPADA_0067.wav,7
HC_A1_0051.wav,20
HC_MANGA_0056.wav,6
PD_ESPONTANEA_0037.wav,171
HC_ABLANDADA_0086.wav,12
HC_PATAKA_0075.wav,91
HC_PATAKA_0086.wav,31
HC_PERRO_0055.wav,8
HC_CALLE_0118.wav,10
HC_ACAMPADA_0122.wav,12
PD_MANGA_0016.wav,6
PD_O2_0022.wav,18
PD_TOMAS_0078.wav,6
PD_PATAKA_0043.wav,72
HC_PERRO_0034.wav,6
PD_E1_0027.wav,19
HC_U2_0137.wav,23
HC_TOMAS_0045.wav,7
PD_ABLANDADA_0024.wav,12
PD_E2_0018.wav,18
HC_PERRO_0135.wav,7
PD_CARMEN_0041.wav,10
HC_ESPONTANEA_0034.wav,300
HC_U2_0112.wav,25
HC_MANGA_0131.wav,9
HC_O2_0048.wav,17
HC_CARMEN_0118.wav,6
PD_U1_0030.wav,17
HC_PERRO_0063.wav,9
HC_CARMEN_0139.wav,9
PD_GANGA_0115.wav,9
PD_BARBAS_0044.wav,19
PD_DIABLO_0113.wav,15
PD_DIABLO_0079.wav,13
PD_A2_0026.wav,16
HC_ACAMPADA_0087.wav,11
HC_SOMBRA_0135.wav,14
PD_PAN_VINO_0111.wav,10
PD_PIDIO_0044.wav,14
HC_ACAMPADA_0085.wav,12
PD_A2_0021.wav,16
